path,pid,channel,iosUrl,adrUrl,dltmpl,name
damaoios01.html,A,damaoios01,https://cvbn4.qixintui.com/ios/damao001/manifest.plist,,directlocation,
damaoios02.html,A,damaoios02,https://cvbn4.qixintui.com/ios/damao002/manifest.plist,,directlocation,
wjqs.html,A,damaoios03,https://cvbn4.qixintui.com/ios/wjqs/manifest.plist,,directlocation,
wycfgq.html,A,damaoios04,https://cvbn4.qixintui.com/ios/wycfgq/manifest.plist,,directlocation,
ynjz.html,A,damaoios05,https://cvbn4.qixintui.com/ios/ynjz/manifest.plist,,directlocation,
wqry.html,A,damaoios06,https://cvbn4.qixintui.com/ios/wqry/manifest.plist,,directlocation,
mryd.html,A,damaoios07,https://cvbn4.qixintui.com/ios/mryd/manifest.plist,,directlocation,
damaoios03.html,A,damaocps001,https://cvbn4.qixintui.com/ios/damao003/manifest.plist,,directlocation,
damaoios04.html,A,damaocps002,https://cvbn4.qixintui.com/ios/damao004/manifest.plist,,directlocation,
shijie002.html,A,shijie002,https://cvbn4.qixintui.com/ios/mfsj/manifest.plist,,directlocation,first
new139011.html,A,new139011,https://cvbn4.qixintui.com/ios/mfylzs/manifest.plist,https://cvbn5.gz-gcec.com/apk/new139011.apk,default,
new139012.html,A,new139012,https://cvbn4.qixintui.com/ios/mfylzs/manifest.plist,https://cvbn5.gz-gcec.com/apk/new139012.apk,default,
new139013.html,A,new139013,https://cvbn4.qixintui.com/ios/mfylzs/manifest.plist,https://cvbn5.gz-gcec.com/apk/new139013.apk,default,
ga001.html,A,gaozong001,https://cvbn4.qixintui.com/ios/mfylzs/manifest.plist,https://cvbn5.gz-gcec.com/apk/ga001.apk,default,
ga002.html,A,gaozong002,https://cvbn4.qixintui.com/ios/mfylzs/manifest.plist,https://cvbn5.gz-gcec.com/apk/ga002.apk,default,
gz001.html,A,gz001,https://cvbn4.qixintui.com/ios/mfylzs/manifest.plist,https://cvbn5.gz-gcec.com/apk/gz001.apk,default,
gz002.html,A,gz002,https://cvbn4.qixintui.com/ios/mfylzs/manifest.plist,https://cvbn5.gz-gcec.com/apk/gz002.apk,default,
l001.html,A,shijie001,https://cvbn4.qixintui.com/ios/mfylzs/manifest.plist,https://cvbn5.gz-gcec.com/apk/l001.apk,default,
l002.html,A,shijie002,https://cvbn4.qixintui.com/ios/mfylzs/manifest.plist,https://cvbn5.gz-gcec.com/apk/l002.apk,default,second
l003.html,A,shijie003,https://cvbn4.qixintui.com/ios/mfylzs/manifest.plist,https://cvbn5.gz-gcec.com/apk/l003.apk,default,
l004.html,A,shijie004,https://cvbn4.qixintui.com/ios/mfylzs/manifest.plist,https://cvbn5.gz-gcec.com/apk/l004.apk,default,
l005.html,A,shiije005,https://cvbn4.qixintui.com/ios/mfylzs/manifest.plist,https://cvbn5.gz-gcec.com/apk/l005.apk,default,
sj001.html,A,sj001,https://cvbn4.qixintui.com/ios/mfylzs/manifest.plist,https://cvbn5.gz-gcec.com/apk/sj001.apk,default,
sj002.html,A,sj002,https://cvbn4.qixintui.com/ios/mfylzs/manifest.plist,https://cvbn5.gz-gcec.com/apk/sj002.apk,default,
y001.html,A,yazhou001,https://cvbn4.qixintui.com/ios/mfylzs/manifest.plist,https://cvbn5.gz-gcec.com/apk/y001.apk,default,
y002.html,A,yazhou002,https://cvbn4.qixintui.com/ios/mfylzs/manifest.plist,https://cvbn5.gz-gcec.com/apk/y002.apk,default,
zlb001.html,A,zlb001,https://cvbn4.qixintui.com/ios/mfylzs/manifest.plist,https://cvbn5.gz-gcec.com/apk/zlb001.apk,default,
zlb002.html,A,zlb002,https://cvbn4.qixintui.com/ios/mfylzs/manifest.plist,https://cvbn5.gz-gcec.com/apk/zlb002.apk,default,
zlb003.html,A,zlb003,https://cvbn4.qixintui.com/ios/mfylzs/manifest.plist,https://cvbn5.gz-gcec.com/apk/zlb003.apk,default,
zlb004.html,A,zlb004,https://cvbn4.qixintui.com/ios/mfylzs/manifest.plist,https://cvbn5.gz-gcec.com/apk/zlb004.apk,default,
zlb005.html,A,zlb005,https://cvbn4.qixintui.com/ios/mfylzs/manifest.plist,https://cvbn5.gz-gcec.com/apk/zlb005.apk,default,
zlb006.html,A,zlb006,https://cvbn4.qixintui.com/ios/mfylzs/manifest.plist,https://cvbn5.gz-gcec.com/apk/zlb006.apk,default,
jjkk001.html,A,jjkk001,https://cvbn4.qixintui.com/ios/mfylzs/manifest.plist,https://asdf7.shangye365.com/apk/jjkk001.apk,default,
jjkk002.html,A,jjkk002,https://cvbn4.qixintui.com/ios/mfylzs/manifest.plist,https://asdf7.shangye365.com/apk/jjkk002.apk,default,
jjkk003.html,A,jjkk003,https://cvbn4.qixintui.com/ios/mfylzs/manifest.plist,https://asdf7.shangye365.com/apk/jjkk003.apk,default,
jjkk004.html,A,jjkk004,https://cvbn4.qixintui.com/ios/mfylzs/manifest.plist,https://asdf7.shangye365.com/apk/jjkk004.apk,default,
jjkk005.html,A,jjkk005,https://cvbn4.qixintui.com/ios/mfylzs/manifest.plist,https://asdf7.shangye365.com/apk/jjkk005.apk,default,
jjkk006.html,A,jjkk006,https://cvbn4.qixintui.com/ios/mfylzs/manifest.plist,https://asdf7.shangye365.com/apk/jjkk006.apk,default,
jjkk007.html,A,jjkk007,https://cvbn4.qixintui.com/ios/mfylzs/manifest.plist,https://asdf7.shangye365.com/apk/jjkk007.apk,default,
jjkk008.html,A,jjkk008,https://cvbn4.qixintui.com/ios/mfylzs/manifest.plist,https://asdf7.shangye365.com/apk/jjkk008.apk,default,
jjkk009.html,A,jjkk009,https://cvbn4.qixintui.com/ios/mfylzs/manifest.plist,https://asdf7.shangye365.com/apk/jjkk009.apk,default,
jjkk010.html,A,jjkk010,https://cvbn4.qixintui.com/ios/mfylzs/manifest.plist,https://asdf7.shangye365.com/apk/jjkk010.apk,default,
jjkk011.html,A,jjkk011,https://cvbn4.qixintui.com/ios/mfylzs/manifest.plist,https://asdf7.shangye365.com/apk/jjkk011.apk,default,
jjkk012.html,A,jjkk012,https://cvbn4.qixintui.com/ios/mfylzs/manifest.plist,https://asdf7.shangye365.com/apk/jjkk012.apk,default,
jjkk013.html,A,jjkk013,https://cvbn4.qixintui.com/ios/mfylzs/manifest.plist,https://asdf7.shangye365.com/apk/jjkk013.apk,default,
jjkk014.html,A,jjkk014,https://cvbn4.qixintui.com/ios/mfylzs/manifest.plist,https://asdf7.shangye365.com/apk/jjkk014.apk,default,
jjkk015.html,A,jjkk015,https://cvbn4.qixintui.com/ios/mfylzs/manifest.plist,https://asdf7.shangye365.com/apk/jjkk015.apk,default,
jjkk016.html,A,jjkk016,https://cvbn4.qixintui.com/ios/mfylzs/manifest.plist,https://asdf7.shangye365.com/apk/jjkk016.apk,default,
jjkk017.html,A,jjkk017,https://cvbn4.qixintui.com/ios/mfylzs/manifest.plist,https://asdf7.shangye365.com/apk/jjkk017.apk,default,
jjkk018.html,A,jjkk018,https://cvbn4.qixintui.com/ios/mfylzs/manifest.plist,https://asdf7.shangye365.com/apk/jjkk018.apk,default,
jjkk019.html,A,jjkk019,https://cvbn4.qixintui.com/ios/mfylzs/manifest.plist,https://asdf7.shangye365.com/apk/jjkk019.apk,default,
jjkk020.html,A,jjkk020,https://cvbn4.qixintui.com/ios/mfylzs/manifest.plist,https://asdf7.shangye365.com/apk/jjkk020.apk,default,
jjkk021.html,A,jjkk021,https://cvbn4.qixintui.com/ios/mfylzs/manifest.plist,https://asdf7.shangye365.com/apk/jjkk021.apk,default,
jjkk022.html,A,jjkk022,https://cvbn4.qixintui.com/ios/mfylzs/manifest.plist,https://asdf7.shangye365.com/apk/jjkk022.apk,default,
jjkk023.html,A,jjkk023,https://cvbn4.qixintui.com/ios/mfylzs/manifest.plist,https://asdf7.shangye365.com/apk/jjkk023.apk,default,
jjkk024.html,A,jjkk024,https://cvbn4.qixintui.com/ios/mfylzs/manifest.plist,https://asdf7.shangye365.com/apk/jjkk024.apk,default,
jjkk025.html,A,jjkk025,https://cvbn4.qixintui.com/ios/mfylzs/manifest.plist,https://asdf7.shangye365.com/apk/jjkk025.apk,default,
jjkk026.html,A,jjkk026,https://cvbn4.qixintui.com/ios/mfylzs/manifest.plist,https://asdf7.shangye365.com/apk/jjkk026.apk,default,
jjkk027.html,A,jjkk027,https://cvbn4.qixintui.com/ios/mfylzs/manifest.plist,https://asdf7.shangye365.com/apk/jjkk027.apk,default,
jjkk028.html,A,jjkk028,https://cvbn4.qixintui.com/ios/mfylzs/manifest.plist,https://asdf7.shangye365.com/apk/jjkk028.apk,default,
jjkk029.html,A,jjkk029,https://cvbn4.qixintui.com/ios/mfylzs/manifest.plist,https://asdf7.shangye365.com/apk/jjkk029.apk,default,
jjkk030.html,A,jjkk030,https://cvbn4.qixintui.com/ios/mfylzs/manifest.plist,https://asdf7.shangye365.com/apk/jjkk030.apk,default,
jjkk031.html,A,jjkk031,https://cvbn4.qixintui.com/ios/mfylzs/manifest.plist,https://asdf7.shangye365.com/apk/jjkk031.apk,default,
jjkk032.html,A,jjkk032,https://cvbn4.qixintui.com/ios/mfylzs/manifest.plist,https://asdf7.shangye365.com/apk/jjkk032.apk,default,
jjkk033.html,A,jjkk033,https://cvbn4.qixintui.com/ios/mfylzs/manifest.plist,https://asdf7.shangye365.com/apk/jjkk033.apk,default,
jjkk034.html,A,jjkk034,https://cvbn4.qixintui.com/ios/mfylzs/manifest.plist,https://asdf7.shangye365.com/apk/jjkk034.apk,default,
jjkk035.html,A,jjkk035,https://cvbn4.qixintui.com/ios/mfylzs/manifest.plist,https://asdf7.shangye365.com/apk/jjkk035.apk,default,
jjkk036.html,A,jjkk036,https://cvbn4.qixintui.com/ios/mfylzs/manifest.plist,https://asdf7.shangye365.com/apk/jjkk036.apk,default,
jjkk037.html,A,jjkk037,https://cvbn4.qixintui.com/ios/mfylzs/manifest.plist,https://asdf7.shangye365.com/apk/jjkk037.apk,default,
jjkk038.html,A,jjkk038,https://cvbn4.qixintui.com/ios/mfylzs/manifest.plist,https://asdf7.shangye365.com/apk/jjkk038.apk,default,
jjkk039.html,A,jjkk039,https://cvbn4.qixintui.com/ios/mfylzs/manifest.plist,https://asdf7.shangye365.com/apk/jjkk039.apk,default,
jjkk040.html,A,jjkk040,https://cvbn4.qixintui.com/ios/mfylzs/manifest.plist,https://asdf7.shangye365.com/apk/jjkk040.apk,default,
gui001.html,A,gui001,https://cvbn4.qixintui.com/ios/mfylzs/manifest.plist,https://cvbn5.gz-gcec.com/apk/gui001.apk,default,
gui002.html,A,gui002,https://cvbn4.qixintui.com/ios/mfylzs/manifest.plist,https://cvbn5.gz-gcec.com/apk/gui002.apk,default,
gui003.html,A,gui003,https://cvbn4.qixintui.com/ios/mfylzs/manifest.plist,https://cvbn5.gz-gcec.com/apk/gui003.apk,default,
gui004.html,A,gui004,https://cvbn4.qixintui.com/ios/mfylzs/manifest.plist,https://cvbn5.gz-gcec.com/apk/gui004.apk,default,
gui005.html,A,gui005,https://cvbn4.qixintui.com/ios/mfylzs/manifest.plist,https://cvbn5.gz-gcec.com/apk/gui005.apk,default,
gui006.html,A,gui006,https://cvbn4.qixintui.com/ios/mfylzs/manifest.plist,https://cvbn5.gz-gcec.com/apk/gui006.apk,default,
gui007.html,A,gui007,https://cvbn4.qixintui.com/ios/mfylzs/manifest.plist,https://cvbn5.gz-gcec.com/apk/gui007.apk,default,
gui008.html,A,gui008,https://cvbn4.qixintui.com/ios/mfylzs/manifest.plist,https://cvbn5.gz-gcec.com/apk/gui008.apk,default,
gui009.html,A,gui009,https://cvbn4.qixintui.com/ios/mfylzs/manifest.plist,https://cvbn5.gz-gcec.com/apk/gui009.apk,default,
gui010.html,A,gui010,https://cvbn4.qixintui.com/ios/mfylzs/manifest.plist,https://cvbn5.gz-gcec.com/apk/gui010.apk,default,
gui011.html,A,gui011,https://cvbn4.qixintui.com/ios/mfylzs/manifest.plist,https://cvbn5.gz-gcec.com/apk/gui11.apk,default,
gui012.html,A,gui012,https://cvbn4.qixintui.com/ios/mfylzs/manifest.plist,https://cvbn5.gz-gcec.com/apk/gui12.apk,default,
gui013.html,A,gui013,https://cvbn4.qixintui.com/ios/mfylzs/manifest.plist,https://cvbn5.gz-gcec.com/apk/gui13.apk,default,
gui014.html,A,gui014,https://cvbn4.qixintui.com/ios/mfylzs/manifest.plist,https://cvbn5.gz-gcec.com/apk/gui14.apk,default,
gui015.html,A,gui015,https://cvbn4.qixintui.com/ios/mfylzs/manifest.plist,https://cvbn5.gz-gcec.com/apk/gui15.apk,default,
gui016.html,A,gui016,https://cvbn4.qixintui.com/ios/mfylzs/manifest.plist,https://cvbn5.gz-gcec.com/apk/gui16.apk,default,
gui017.html,A,gui017,https://cvbn4.qixintui.com/ios/mfylzs/manifest.plist,https://cvbn5.gz-gcec.com/apk/gui017.apk,default,
gui018.html,A,gui018,https://cvbn4.qixintui.com/ios/mfylzs/manifest.plist,https://cvbn5.gz-gcec.com/apk/gui018.apk,default,
gui019.html,A,gui019,https://cvbn4.qixintui.com/ios/mfylzs/manifest.plist,https://cvbn5.gz-gcec.com/apk/gui019.apk,default,
gui020.html,A,gui020,https://cvbn4.qixintui.com/ios/mfylzs/manifest.plist,https://cvbn5.gz-gcec.com/apk/gui20.apk,default,
gui021.html,A,gui021,https://cvbn4.qixintui.com/ios/mfylzs/manifest.plist,https://cvbn5.gz-gcec.com/apk/gui21.apk,default,
qingtian001.html,A,qingtian001,https://itunes.apple.com/cn/app/id1446246674,https://cvbn5.gz-gcec.com/apk/qingtian001.apk,default,
qingtian002.html,A,qingtian002,https://itunes.apple.com/cn/app/id1446246674,https://cvbn5.gz-gcec.com/apk/qingtian002.apk,default,
qingtian003.html,A,qingtian003,https://cvbn4.qixintui.com/ios/mfylzs/manifest.plist,https://cvbn5.gz-gcec.com/apk/qingtian003.apk,default,
qian001.html,A,qian001,https://cvbn4.qixintui.com/ios/mfylzs/manifest.plist,https://cvbn5.gz-gcec.com/apk/qian001.apk,default,
qian002.html,A,qian002,https://cvbn4.qixintui.com/ios/mfylzs/manifest.plist,https://cvbn5.gz-gcec.com/apk/qian002.apk,default,
qian003.html,A,qian003,https://cvbn4.qixintui.com/ios/mfylzs/manifest.plist,https://cvbn5.gz-gcec.com/apk/qian003.apk,default,
qian004.html,A,qian004,https://cvbn4.qixintui.com/ios/mfylzs/manifest.plist,https://cvbn5.gz-gcec.com/apk/qian004.apk,default,
qian005.html,A,qian005,https://cvbn4.qixintui.com/ios/mfylzs/manifest.plist,https://cvbn5.gz-gcec.com/apk/qian005.apk,default,
qian006.html,A,qian006,https://cvbn4.qixintui.com/ios/mfylzs/manifest.plist,https://cvbn5.gz-gcec.com/apk/qian006.apk,default,
qian007.html,A,qian007,https://cvbn4.qixintui.com/ios/mfylzs/manifest.plist,https://cvbn5.gz-gcec.com/apk/qian007.apk,default,
qian008.html,A,qian008,https://cvbn4.qixintui.com/ios/mfylzs/manifest.plist,https://cvbn5.gz-gcec.com/apk/qian008.apk,default,
qian009.html,A,qian009,https://cvbn4.qixintui.com/ios/mfylzs/manifest.plist,https://cvbn5.gz-gcec.com/apk/qian009.apk,default,
qian010.html,A,qian010,https://cvbn4.qixintui.com/ios/mfylzs/manifest.plist,https://cvbn5.gz-gcec.com/apk/qian010.apk,default,
qian011.html,A,qian011,https://cvbn4.qixintui.com/ios/mfylzs/manifest.plist,https://asdf7.shangye365.com/apk/qian011.apk,default,
qian012.html,A,qian012,https://cvbn4.qixintui.com/ios/mfylzs/manifest.plist,https://asdf7.shangye365.com/apk/qian012.apk,default,
qian013.html,A,qian013,https://cvbn4.qixintui.com/ios/mfylzs/manifest.plist,https://asdf7.shangye365.com/apk/qian013.apk,default,
qian014.html,A,qian014,https://cvbn4.qixintui.com/ios/mfylzs/manifest.plist,https://asdf7.shangye365.com/apk/qian014.apk,default,
qian015.html,A,qian015,https://cvbn4.qixintui.com/ios/mfylzs/manifest.plist,https://asdf7.shangye365.com/apk/qian015.apk,default,
qian016.html,A,qian016,https://cvbn4.qixintui.com/ios/mfylzs/manifest.plist,https://asdf7.shangye365.com/apk/qian016.apk,default,
qian017.html,A,qian017,https://cvbn4.qixintui.com/ios/mfylzs/manifest.plist,https://asdf7.shangye365.com/apk/qian017.apk,default,
qian018.html,A,qian018,https://cvbn4.qixintui.com/ios/mfylzs/manifest.plist,https://asdf7.shangye365.com/apk/qian018.apk,default,
qian019.html,A,qian019,https://cvbn4.qixintui.com/ios/mfylzs/manifest.plist,https://asdf7.shangye365.com/apk/qian019.apk,default,
qian020.html,A,qian020,https://cvbn4.qixintui.com/ios/mfylzs/manifest.plist,https://asdf7.shangye365.com/apk/qian020.apk,default,
qian021.html,A,qian021,https://cvbn4.qixintui.com/ios/mfylzs/manifest.plist,https://asdf7.shangye365.com/apk/qian021.apk,default,
qian022.html,A,qian022,https://cvbn4.qixintui.com/ios/mfylzs/manifest.plist,https://asdf7.shangye365.com/apk/qian022.apk,default,
qian023.html,A,qian023,https://cvbn4.qixintui.com/ios/mfylzs/manifest.plist,https://asdf7.shangye365.com/apk/qian023.apk,default,
qian024.html,A,qian024,https://cvbn4.qixintui.com/ios/mfylzs/manifest.plist,https://asdf7.shangye365.com/apk/qian024.apk,default,
qian025.html,A,qian025,https://cvbn4.qixintui.com/ios/mfylzs/manifest.plist,https://asdf7.shangye365.com/apk/qian025.apk,default,
qian026.html,A,qian026,https://cvbn4.qixintui.com/ios/mfylzs/manifest.plist,https://asdf7.shangye365.com/apk/qian026.apk,default,
qian027.html,A,qian027,https://cvbn4.qixintui.com/ios/mfylzs/manifest.plist,https://asdf7.shangye365.com/apk/qian027.apk,default,
qian028.html,A,qian028,https://cvbn4.qixintui.com/ios/mfylzs/manifest.plist,https://asdf7.shangye365.com/apk/qian028.apk,default,
qian029.html,A,qian029,https://cvbn4.qixintui.com/ios/mfylzs/manifest.plist,https://asdf7.shangye365.com/apk/qian029.apk,default,
qian030.html,A,qian030,https://cvbn4.qixintui.com/ios/mfylzs/manifest.plist,https://asdf7.shangye365.com/apk/qian030.apk,default,
qian031.html,A,qian031,https://cvbn4.qixintui.com/ios/mfylzs/manifest.plist,https://asdf7.shangye365.com/apk/qian031.apk,default,
qian032.html,A,qian032,https://cvbn4.qixintui.com/ios/mfylzs/manifest.plist,https://asdf7.shangye365.com/apk/qian032.apk,default,
qian033.html,A,qian033,https://cvbn4.qixintui.com/ios/mfylzs/manifest.plist,https://asdf7.shangye365.com/apk/qian033.apk,default,
qian034.html,A,qian034,https://cvbn4.qixintui.com/ios/mfylzs/manifest.plist,https://asdf7.shangye365.com/apk/qian034.apk,default,
qian035.html,A,qian035,https://cvbn4.qixintui.com/ios/mfylzs/manifest.plist,https://asdf7.shangye365.com/apk/qian035.apk,default,
qian036.html,A,qian036,https://cvbn4.qixintui.com/ios/mfylzs/manifest.plist,https://asdf7.shangye365.com/apk/qian036.apk,default,
qian037.html,A,qian037,https://cvbn4.qixintui.com/ios/mfylzs/manifest.plist,https://asdf7.shangye365.com/apk/qian037.apk,default,
qian038.html,A,qian038,https://cvbn4.qixintui.com/ios/mfylzs/manifest.plist,https://asdf7.shangye365.com/apk/qian038.apk,default,
qian039.html,A,qian039,https://cvbn4.qixintui.com/ios/mfylzs/manifest.plist,https://asdf7.shangye365.com/apk/qian039.apk,default,
qian040.html,A,qian040,https://cvbn4.qixintui.com/ios/mfylzs/manifest.plist,https://asdf7.shangye365.com/apk/qian040.apk,default,
qian041.html,A,qian041,https://cvbn4.qixintui.com/ios/mfylzs/manifest.plist,https://asdf7.shangye365.com/apk/qian041.apk,default,
qian042.html,A,qian042,https://cvbn4.qixintui.com/ios/mfylzs/manifest.plist,https://asdf7.shangye365.com/apk/qian042.apk,default,
qian043.html,A,qian043,https://cvbn4.qixintui.com/ios/mfylzs/manifest.plist,https://asdf7.shangye365.com/apk/qian043.apk,default,
qian044.html,A,qian044,https://cvbn4.qixintui.com/ios/mfylzs/manifest.plist,https://asdf7.shangye365.com/apk/qian044.apk,default,
qian045.html,A,qian045,https://cvbn4.qixintui.com/ios/mfylzs/manifest.plist,https://asdf7.shangye365.com/apk/qian045.apk,default,
qian046.html,A,qian046,https://cvbn4.qixintui.com/ios/mfylzs/manifest.plist,https://asdf7.shangye365.com/apk/qian046.apk,default,
qian1001.html,A,qian1001,https://cvbn4.qixintui.com/ios/mfylzs/manifest.plist,https://asdf7.shangye365.com/apk/qian1001.apk,default,
qian1002.html,A,qian1002,https://cvbn4.qixintui.com/ios/mfylzs/manifest.plist,https://asdf7.shangye365.com/apk/qian1002.apk,default,
qian1003.html,A,qian1003,https://cvbn4.qixintui.com/ios/mfylzs/manifest.plist,https://asdf7.shangye365.com/apk/qian1003.apk,default,
qian1004.html,A,qian1004,https://cvbn4.qixintui.com/ios/mfylzs/manifest.plist,https://asdf7.shangye365.com/apk/qian1004.apk,default,
qian1005.html,A,qian1005,https://cvbn4.qixintui.com/ios/mfylzs/manifest.plist,https://asdf7.shangye365.com/apk/qian1005.apk,default,
qian1006.html,A,qian1006,https://cvbn4.qixintui.com/ios/mfylzs/manifest.plist,https://asdf7.shangye365.com/apk/qian1006.apk,default,
qian1007.html,A,qian1007,https://cvbn4.qixintui.com/ios/mfylzs/manifest.plist,https://asdf7.shangye365.com/apk/qian1007.apk,default,
qian1008.html,A,qian1008,https://cvbn4.qixintui.com/ios/mfylzs/manifest.plist,https://asdf7.shangye365.com/apk/qian1008.apk,default,
qian1009.html,A,qian1009,https://cvbn4.qixintui.com/ios/mfylzs/manifest.plist,https://asdf7.shangye365.com/apk/qian1009.apk,default,
qian1010.html,A,qian1010,https://cvbn4.qixintui.com/ios/mfylzs/manifest.plist,https://asdf7.shangye365.com/apk/qian1010.apk,default,
qian1011.html,A,qian1011,https://cvbn4.qixintui.com/ios/mfylzs/manifest.plist,https://asdf7.shangye365.com/apk/qian1011.apk,default,
qian1012.html,A,qian1012,https://cvbn4.qixintui.com/ios/mfylzs/manifest.plist,https://asdf7.shangye365.com/apk/qian1012.apk,default,
qian1013.html,A,qian1013,https://cvbn4.qixintui.com/ios/mfylzs/manifest.plist,https://asdf7.shangye365.com/apk/qian1013.apk,default,
qian1014.html,A,qian1014,https://cvbn4.qixintui.com/ios/mfylzs/manifest.plist,https://asdf7.shangye365.com/apk/qian1014.apk,default,
qian1015.html,A,qian1015,https://cvbn4.qixintui.com/ios/mfylzs/manifest.plist,https://asdf7.shangye365.com/apk/qian1015.apk,default,
qian1016.html,A,qian1016,https://cvbn4.qixintui.com/ios/mfylzs/manifest.plist,https://asdf7.shangye365.com/apk/qian1016.apk,default,
qian1017.html,A,qian1017,https://cvbn4.qixintui.com/ios/mfylzs/manifest.plist,https://asdf7.shangye365.com/apk/qian1017.apk,default,
qian1018.html,A,qian1018,https://cvbn4.qixintui.com/ios/mfylzs/manifest.plist,https://asdf7.shangye365.com/apk/qian1018.apk,default,
qian1019.html,A,qian1019,https://cvbn4.qixintui.com/ios/mfylzs/manifest.plist,https://asdf7.shangye365.com/apk/qian1019.apk,default,
qian1020.html,A,qian1020,https://cvbn4.qixintui.com/ios/mfylzs/manifest.plist,https://asdf7.shangye365.com/apk/qian1020.apk,default,
qian2001.html,A,qian2001,https://cvbn4.qixintui.com/ios/mfylzs/manifest.plist,https://asdf7.shangye365.com/apk/qian2001.apk,default,
qian2002.html,A,qian2002,https://cvbn4.qixintui.com/ios/mfylzs/manifest.plist,https://asdf7.shangye365.com/apk/qian2002.apk,default,
qian2003.html,A,qian2003,https://cvbn4.qixintui.com/ios/mfylzs/manifest.plist,https://asdf7.shangye365.com/apk/qian2003.apk,default,
qian2004.html,A,qian2004,https://cvbn4.qixintui.com/ios/mfylzs/manifest.plist,https://asdf7.shangye365.com/apk/qian2004.apk,default,
qian2005.html,A,qian2005,https://cvbn4.qixintui.com/ios/mfylzs/manifest.plist,https://asdf7.shangye365.com/apk/qian2005.apk,default,
qian2006.html,A,qian2006,https://cvbn4.qixintui.com/ios/mfylzs/manifest.plist,https://asdf7.shangye365.com/apk/qian2006.apk,default,
qian2007.html,A,qian2007,https://cvbn4.qixintui.com/ios/mfylzs/manifest.plist,https://asdf7.shangye365.com/apk/qian2007.apk,default,
qian2008.html,A,qian2008,https://cvbn4.qixintui.com/ios/mfylzs/manifest.plist,https://asdf7.shangye365.com/apk/qian2008.apk,default,
qian2009.html,A,qian2009,https://cvbn4.qixintui.com/ios/mfylzs/manifest.plist,https://asdf7.shangye365.com/apk/qian2009.apk,default,
qian2010.html,A,qian2010,https://cvbn4.qixintui.com/ios/mfylzs/manifest.plist,https://asdf7.shangye365.com/apk/qian2010.apk,default,
qian2011.html,A,qian2011,https://cvbn4.qixintui.com/ios/mfylzs/manifest.plist,https://asdf7.shangye365.com/apk/qian2011.apk,default,
qian2012.html,A,qian2012,https://cvbn4.qixintui.com/ios/mfylzs/manifest.plist,https://asdf7.shangye365.com/apk/qian2012.apk,default,
qian2013.html,A,qian2013,https://cvbn4.qixintui.com/ios/mfylzs/manifest.plist,https://asdf7.shangye365.com/apk/qian2013.apk,default,
qian2014.html,A,qian2014,https://cvbn4.qixintui.com/ios/mfylzs/manifest.plist,https://asdf7.shangye365.com/apk/qian2014.apk,default,
qian2015.html,A,qian2015,https://cvbn4.qixintui.com/ios/mfylzs/manifest.plist,https://asdf7.shangye365.com/apk/qian2015.apk,default,
qian2016.html,A,qian2016,https://cvbn4.qixintui.com/ios/mfylzs/manifest.plist,https://asdf7.shangye365.com/apk/qian2016.apk,default,
qian2017.html,A,qian2017,https://cvbn4.qixintui.com/ios/mfylzs/manifest.plist,https://asdf7.shangye365.com/apk/qian2017.apk,default,
qian2018.html,A,qian2018,https://cvbn4.qixintui.com/ios/mfylzs/manifest.plist,https://asdf7.shangye365.com/apk/qian2018.apk,default,
qian2019.html,A,qian2019,https://cvbn4.qixintui.com/ios/mfylzs/manifest.plist,https://asdf7.shangye365.com/apk/qian2019.apk,default,
qian2020.html,A,qian2020,https://cvbn4.qixintui.com/ios/mfylzs/manifest.plist,https://asdf7.shangye365.com/apk/qian2020.apk,default,
qian3001.html,A,qian3001,https://cvbn4.qixintui.com/ios/mfylzs/manifest.plist,https://asdf7.shangye365.com/apk/qian3001.apk,default,
qian3002.html,A,qian3002,https://cvbn4.qixintui.com/ios/mfylzs/manifest.plist,https://asdf7.shangye365.com/apk/qian3002.apk,default,
qian3003.html,A,qian3003,https://cvbn4.qixintui.com/ios/mfylzs/manifest.plist,https://asdf7.shangye365.com/apk/qian3003.apk,default,
qian3004.html,A,qian3004,https://cvbn4.qixintui.com/ios/mfylzs/manifest.plist,https://asdf7.shangye365.com/apk/qian3004.apk,default,
qian3005.html,A,qian3005,https://cvbn4.qixintui.com/ios/mfylzs/manifest.plist,https://asdf7.shangye365.com/apk/qian3005.apk,default,
qian3006.html,A,qian3006,https://cvbn4.qixintui.com/ios/mfylzs/manifest.plist,https://asdf7.shangye365.com/apk/qian3006.apk,default,
qian3007.html,A,qian3007,https://cvbn4.qixintui.com/ios/mfylzs/manifest.plist,https://asdf7.shangye365.com/apk/qian3007.apk,default,
qian3008.html,A,qian3008,https://cvbn4.qixintui.com/ios/mfylzs/manifest.plist,https://asdf7.shangye365.com/apk/qian3008.apk,default,
qian3009.html,A,qian3009,https://cvbn4.qixintui.com/ios/mfylzs/manifest.plist,https://asdf7.shangye365.com/apk/qian3009.apk,default,
qian3010.html,A,qian3010,https://cvbn4.qixintui.com/ios/mfylzs/manifest.plist,https://asdf7.shangye365.com/apk/qian3010.apk,default,
qian3011.html,A,qian3011,https://cvbn4.qixintui.com/ios/mfylzs/manifest.plist,https://asdf7.shangye365.com/apk/qian3011.apk,default,
qian3012.html,A,qian3012,https://cvbn4.qixintui.com/ios/mfylzs/manifest.plist,https://asdf7.shangye365.com/apk/qian3012.apk,default,
qian3013.html,A,qian3013,https://cvbn4.qixintui.com/ios/mfylzs/manifest.plist,https://asdf7.shangye365.com/apk/qian3013.apk,default,
qian3014.html,A,qian3014,https://cvbn4.qixintui.com/ios/mfylzs/manifest.plist,https://asdf7.shangye365.com/apk/qian3014.apk,default,
qian3015.html,A,qian3015,https://cvbn4.qixintui.com/ios/mfylzs/manifest.plist,https://asdf7.shangye365.com/apk/qian3015.apk,default,
qian3016.html,A,qian3016,https://cvbn4.qixintui.com/ios/mfylzs/manifest.plist,https://asdf7.shangye365.com/apk/qian3016.apk,default,
qian3017.html,A,qian3017,https://cvbn4.qixintui.com/ios/mfylzs/manifest.plist,https://asdf7.shangye365.com/apk/qian3017.apk,default,
qian3018.html,A,qian3018,https://cvbn4.qixintui.com/ios/mfylzs/manifest.plist,https://asdf7.shangye365.com/apk/qian3018.apk,default,
qian3019.html,A,qian3019,https://cvbn4.qixintui.com/ios/mfylzs/manifest.plist,https://asdf7.shangye365.com/apk/qian3019.apk,default,
qian3020.html,A,qian3020,https://cvbn4.qixintui.com/ios/mfylzs/manifest.plist,https://asdf7.shangye365.com/apk/qian3020.apk,default,
98kk001.html,A,98kk001,https://cvbn4.qixintui.com/ios/mfylzs/manifest.plist,https://asdf7.shangye365.com/apk/98kk001.apk,default,
98kk002.html,A,98kk002,https://cvbn4.qixintui.com/ios/mfylzs/manifest.plist,https://asdf7.shangye365.com/apk/98kk002.apk,default,
98kk003.html,A,98kk003,https://cvbn4.qixintui.com/ios/mfylzs/manifest.plist,https://asdf7.shangye365.com/apk/98kk003.apk,default,
98kk004.html,A,98kk004,https://cvbn4.qixintui.com/ios/mfylzs/manifest.plist,https://asdf7.shangye365.com/apk/98kk004.apk,default,
98kk005.html,A,98kk005,https://cvbn4.qixintui.com/ios/mfylzs/manifest.plist,https://asdf7.shangye365.com/apk/98kk005.apk,default,
98kk006.html,A,98kk006,https://cvbn4.qixintui.com/ios/mfylzs/manifest.plist,https://asdf7.shangye365.com/apk/98kk006.apk,default,
98kk007.html,A,98kk007,https://cvbn4.qixintui.com/ios/mfylzs/manifest.plist,https://asdf7.shangye365.com/apk/98kk007.apk,default,
98kk008.html,A,98kk008,https://cvbn4.qixintui.com/ios/mfylzs/manifest.plist,https://asdf7.shangye365.com/apk/98kk008.apk,default,
98kk009.html,A,98kk009,https://cvbn4.qixintui.com/ios/mfylzs/manifest.plist,https://asdf7.shangye365.com/apk/98kk009.apk,default,
98kk010.html,A,98kk010,https://cvbn4.qixintui.com/ios/mfylzs/manifest.plist,https://asdf7.shangye365.com/apk/98kk010.apk,default,
98kk011.html,A,98kk011,https://cvbn4.qixintui.com/ios/mfylzs/manifest.plist,https://asdf7.shangye365.com/apk/98kk011.apk,default,
98kk012.html,A,98kk012,https://cvbn4.qixintui.com/ios/mfylzs/manifest.plist,https://asdf7.shangye365.com/apk/98kk012.apk,default,
98kk013.html,A,98kk013,https://cvbn4.qixintui.com/ios/mfylzs/manifest.plist,https://asdf7.shangye365.com/apk/98kk013.apk,default,
98kk014.html,A,98kk014,https://cvbn4.qixintui.com/ios/mfylzs/manifest.plist,https://asdf7.shangye365.com/apk/98kk014.apk,default,
98kk015.html,A,98kk015,https://cvbn4.qixintui.com/ios/mfylzs/manifest.plist,https://asdf7.shangye365.com/apk/98kk015.apk,default,
jjpp001.html,A,jjpp001,https://cvbn4.qixintui.com/ios/mfylzs/manifest.plist,https://asdf7.shangye365.com/apk/jjpp001.apk,default,
jjpp002.html,A,jjpp002,https://itunes.apple.com/cn/app/id1446246674,https://asdf7.shangye365.com/apk/jjpp002.apk,noicon,
jjpp003.html,A,jjpp003,https://cvbn4.qixintui.com/ios/mfylzs/manifest.plist,https://asdf7.shangye365.com/apk/jjpp003.apk,default,
jjpp004.html,A,jjpp004,https://cvbn4.qixintui.com/ios/mfylzs/manifest.plist,https://asdf7.shangye365.com/apk/jjpp004.apk,noicon,
liko001.html,A,liko001,https://cvbn4.qixintui.com/ios/mfylzs/manifest.plist,https://cvbn5.gz-gcec.com/apk/liko001.apk,default,
anong001.html,A,danzong001,https://cvbn4.qixintui.com/ios/mfylzs/manifest.plist,https://cvbn5.gz-gcec.com/apk/anong001.apk,default,
xiaoshuo6001.html,A,xiaoshuo6001,https://itunes.apple.com/cn/app/id1446246674,https://cvbn5.gz-gcec.com/apk/xiaoshuo6001.apk,default,
xiaoshuo6002.html,A,xiaoshuo6002,https://itunes.apple.com/cn/app/id1446246674,https://cvbn5.gz-gcec.com/apk/xiaoshuo6002.apk,default,
xiaoshuo6003.html,A,xiaoshuo6003,https://itunes.apple.com/cn/app/id1446246674,https://cvbn5.gz-gcec.com/apk/xiaoshuo6003.apk,default,
xiaoshuo6004.html,A,xiaoshuo6004,https://itunes.apple.com/cn/app/id1446246674,https://cvbn5.gz-gcec.com/apk/xiaoshuo6004.apk,default,
xiaoshuo6005.html,A,xiaoshuo6005,https://itunes.apple.com/cn/app/id1446246674,https://cvbn5.gz-gcec.com/apk/xiaoshuo6005.apk,default,
xs6006.html,A,xs6006,https://cvbn4.qixintui.com/ios/mfylzs/manifest.plist,https://cvbn5.gz-gcec.com/apk/xs6006.apk,default,
xs6007.html,A,xs6007,https://cvbn4.qixintui.com/ios/mfylzs/manifest.plist,https://cvbn5.gz-gcec.com/apk/xs6007.apk,default,
xs6008.html,A,xs6008,https://cvbn4.qixintui.com/ios/mfylzs/manifest.plist,https://cvbn5.gz-gcec.com/apk/xs6008.apk,default,
xs6009.html,A,xs6009,https://cvbn4.qixintui.com/ios/mfylzs/manifest.plist,https://cvbn5.gz-gcec.com/apk/xs6009.apk,default,
xs6010.html,A,xs6010,https://cvbn4.qixintui.com/ios/mfylzs/manifest.plist,https://cvbn5.gz-gcec.com/apk/xs6010.apk,default,
tie001.html,A,tie001,https://cvbn4.qixintui.com/ios/mfylpw/manifest.plist,,directlocation,
hm001.html,A,hm001,https://cvbn4.qixintui.com/ios/mfylzs/manifest.plist,https://cvbn5.gz-gcec.com/apk/hm001.apk,default,
hm002.html,A,hm002,https://cvbn4.qixintui.com/ios/mfylzs/manifest.plist,https://cvbn5.gz-gcec.com/apk/hm002.apk,default,
hm003.html,A,hm003,https://cvbn4.qixintui.com/ios/mfylzs/manifest.plist,https://cvbn5.gz-gcec.com/apk/hm003.apk,default,
hm004.html,A,hm004,https://cvbn4.qixintui.com/ios/mfylzs/manifest.plist,https://cvbn5.gz-gcec.com/apk/hm004.apk,default,
hm005.html,A,hm005,https://cvbn4.qixintui.com/ios/mfylzs/manifest.plist,https://cvbn5.gz-gcec.com/apk/hm005.apk,default,
hm006.html,A,hm006,https://cvbn4.qixintui.com/ios/mfylzs/manifest.plist,https://cvbn5.gz-gcec.com/apk/hm006.apk,default,
hm007.html,A,hm007,https://cvbn4.qixintui.com/ios/mfylzs/manifest.plist,https://cvbn5.gz-gcec.com/apk/hm007.apk,default,
hm008.html,A,hm008,https://cvbn4.qixintui.com/ios/mfylzs/manifest.plist,https://cvbn5.gz-gcec.com/apk/hm008.apk,default,
hm009.html,A,hm009,https://cvbn4.qixintui.com/ios/mfylzs/manifest.plist,https://cvbn5.gz-gcec.com/apk/hm009.apk,default,
hm010.html,A,hm010,https://cvbn4.qixintui.com/ios/mfylzs/manifest.plist,https://cvbn5.gz-gcec.com/apk/hm010.apk,default,
j6001.html,A,j6001,https://cvbn4.qixintui.com/ios/mfylzs/manifest.plist,https://asdf7.shangye365.com/apk/j6001.apk,default,
j6002.html,A,j6002,https://cvbn4.qixintui.com/ios/mfylzs/manifest.plist,https://asdf7.shangye365.com/apk/j6002.apk,default,
j6003.html,A,j6003,https://cvbn4.qixintui.com/ios/mfylzs/manifest.plist,https://asdf7.shangye365.com/apk/j6003.apk,default,
j6004.html,A,j6004,https://cvbn4.qixintui.com/ios/mfylzs/manifest.plist,https://asdf7.shangye365.com/apk/j6004.apk,default,
j6005.html,A,j6005,https://cvbn4.qixintui.com/ios/mfylzs/manifest.plist,https://asdf7.shangye365.com/apk/j6005.apk,default,
j6006.html,A,j6006,https://cvbn4.qixintui.com/ios/mfylzs/manifest.plist,https://asdf7.shangye365.com/apk/j6006.apk,default,
j6007.html,A,j6007,https://cvbn4.qixintui.com/ios/mfylzs/manifest.plist,https://asdf7.shangye365.com/apk/j6007.apk,default,
j6008.html,A,j6008,https://cvbn4.qixintui.com/ios/mfylzs/manifest.plist,https://asdf7.shangye365.com/apk/j6008.apk,default,
j6009.html,A,j6009,https://cvbn4.qixintui.com/ios/mfylzs/manifest.plist,https://asdf7.shangye365.com/apk/j6009.apk,default,
j6010.html,A,j6010,https://cvbn4.qixintui.com/ios/mfylzs/manifest.plist,https://asdf7.shangye365.com/apk/j6010.apk,default,
j6011.html,A,j6011,https://cvbn4.qixintui.com/ios/mfylzs/manifest.plist,https://asdf7.shangye365.com/apk/j6011.apk,default,
j6012.html,A,j6012,https://cvbn4.qixintui.com/ios/mfylzs/manifest.plist,https://asdf7.shangye365.com/apk/j6012.apk,default,
j6013.html,A,j6013,https://cvbn4.qixintui.com/ios/mfylzs/manifest.plist,https://asdf7.shangye365.com/apk/j6013.apk,default,
j6014.html,A,j6014,https://cvbn4.qixintui.com/ios/mfylzs/manifest.plist,https://asdf7.shangye365.com/apk/j6014.apk,default,
j6015.html,A,j6015,https://cvbn4.qixintui.com/ios/mfylzs/manifest.plist,https://asdf7.shangye365.com/apk/j6015.apk,default,
j6016.html,A,j6016,https://cvbn4.qixintui.com/ios/mfylzs/manifest.plist,https://asdf7.shangye365.com/apk/j6016.apk,default,
j6017.html,A,j6017,https://cvbn4.qixintui.com/ios/mfylzs/manifest.plist,https://asdf7.shangye365.com/apk/j6017.apk,default,
j6018.html,A,j6018,https://cvbn4.qixintui.com/ios/mfylzs/manifest.plist,https://asdf7.shangye365.com/apk/j6018.apk,default,
j6019.html,A,j6019,https://cvbn4.qixintui.com/ios/mfylzs/manifest.plist,https://asdf7.shangye365.com/apk/j6019.apk,default,
j6020.html,A,j6020,https://cvbn4.qixintui.com/ios/mfylzs/manifest.plist,https://asdf7.shangye365.com/apk/j6020.apk,default,
j6021.html,A,j6021,https://cvbn4.qixintui.com/ios/mfylzs/manifest.plist,https://asdf7.shangye365.com/apk/j6021.apk,default,
j6022.html,A,j6022,https://cvbn4.qixintui.com/ios/mfylzs/manifest.plist,https://asdf7.shangye365.com/apk/j6022.apk,default,
j6023.html,A,j6023,https://cvbn4.qixintui.com/ios/mfylzs/manifest.plist,https://asdf7.shangye365.com/apk/j6023.apk,default,
j6024.html,A,j6024,https://cvbn4.qixintui.com/ios/mfylzs/manifest.plist,https://asdf7.shangye365.com/apk/j6024.apk,default,
j6025.html,A,j6025,https://cvbn4.qixintui.com/ios/mfylzs/manifest.plist,https://asdf7.shangye365.com/apk/j6025.apk,default,
j6026.html,A,j6026,https://cvbn4.qixintui.com/ios/mfylzs/manifest.plist,https://asdf7.shangye365.com/apk/j6026.apk,default,
j6027.html,A,j6027,https://cvbn4.qixintui.com/ios/mfylzs/manifest.plist,https://asdf7.shangye365.com/apk/j6027.apk,default,
j6028.html,A,j6028,https://cvbn4.qixintui.com/ios/mfylzs/manifest.plist,https://asdf7.shangye365.com/apk/j6028.apk,default,
j6029.html,A,j6029,https://cvbn4.qixintui.com/ios/mfylzs/manifest.plist,https://asdf7.shangye365.com/apk/j6029.apk,default,
j6030.html,A,j6030,https://cvbn4.qixintui.com/ios/mfylzs/manifest.plist,https://asdf7.shangye365.com/apk/j6030.apk,default,
j6031.html,A,j6031,https://cvbn4.qixintui.com/ios/mfylzs/manifest.plist,https://asdf7.shangye365.com/apk/j6031.apk,default,
j6032.html,A,j6032,https://cvbn4.qixintui.com/ios/mfylzs/manifest.plist,https://asdf7.shangye365.com/apk/j6032.apk,default,
j6033.html,A,j6033,https://cvbn4.qixintui.com/ios/mfylzs/manifest.plist,https://asdf7.shangye365.com/apk/j6033.apk,default,
j6034.html,A,j6034,https://cvbn4.qixintui.com/ios/mfylzs/manifest.plist,https://asdf7.shangye365.com/apk/j6034.apk,default,
j6035.html,A,j6035,https://cvbn4.qixintui.com/ios/mfylzs/manifest.plist,https://asdf7.shangye365.com/apk/j6035.apk,default,
j6036.html,A,j6036,https://cvbn4.qixintui.com/ios/mfylzs/manifest.plist,https://asdf7.shangye365.com/apk/j6036.apk,default,
j6037.html,A,j6037,https://cvbn4.qixintui.com/ios/mfylzs/manifest.plist,https://asdf7.shangye365.com/apk/j6037.apk,default,
j6038.html,A,j6038,https://cvbn4.qixintui.com/ios/mfylzs/manifest.plist,https://asdf7.shangye365.com/apk/j6038.apk,default,
j6039.html,A,j6039,https://cvbn4.qixintui.com/ios/mfylzs/manifest.plist,https://asdf7.shangye365.com/apk/j6039.apk,default,
j6040.html,A,j6040,https://cvbn4.qixintui.com/ios/mfylzs/manifest.plist,https://asdf7.shangye365.com/apk/j6040.apk,default,
j6041.html,A,j6041,https://cvbn4.qixintui.com/ios/mfylzs/manifest.plist,https://asdf7.shangye365.com/apk/j6041.apk,default,
j6042.html,A,j6042,https://cvbn4.qixintui.com/ios/mfylzs/manifest.plist,https://asdf7.shangye365.com/apk/j6042.apk,default,
j6043.html,A,j6043,https://cvbn4.qixintui.com/ios/mfylzs/manifest.plist,https://asdf7.shangye365.com/apk/j6043.apk,default,
j6044.html,A,j6044,https://cvbn4.qixintui.com/ios/mfylzs/manifest.plist,https://asdf7.shangye365.com/apk/j6044.apk,default,
j6045.html,A,j6045,https://cvbn4.qixintui.com/ios/mfylzs/manifest.plist,https://asdf7.shangye365.com/apk/j6045.apk,default,
j6046.html,A,j6046,https://cvbn4.qixintui.com/ios/mfylzs/manifest.plist,https://asdf7.shangye365.com/apk/j6046.apk,default,
j6047.html,A,j6047,https://cvbn4.qixintui.com/ios/mfylzs/manifest.plist,https://asdf7.shangye365.com/apk/j6047.apk,default,
j6048.html,A,j6048,https://cvbn4.qixintui.com/ios/mfylzs/manifest.plist,https://asdf7.shangye365.com/apk/j6048.apk,default,
j6049.html,A,j6049,https://cvbn4.qixintui.com/ios/mfylzs/manifest.plist,https://asdf7.shangye365.com/apk/j6049.apk,default,
j6050.html,A,j6050,https://cvbn4.qixintui.com/ios/mfylzs/manifest.plist,https://asdf7.shangye365.com/apk/j6050.apk,default,
j6051.html,A,j6051,https://cvbn4.qixintui.com/ios/mfylzs/manifest.plist,https://asdf7.shangye365.com/apk/j6051.apk,default,
j6052.html,A,j6052,https://cvbn4.qixintui.com/ios/mfylzs/manifest.plist,https://asdf7.shangye365.com/apk/j6052.apk,default,
j6053.html,A,j6053,https://cvbn4.qixintui.com/ios/mfylzs/manifest.plist,https://asdf7.shangye365.com/apk/j6053.apk,default,
j6054.html,A,j6054,https://cvbn4.qixintui.com/ios/mfylzs/manifest.plist,https://asdf7.shangye365.com/apk/j6054.apk,default,
j6055.html,A,j6055,https://cvbn4.qixintui.com/ios/mfylzs/manifest.plist,https://asdf7.shangye365.com/apk/j6055.apk,default,
j6056.html,A,j6056,https://cvbn4.qixintui.com/ios/mfylzs/manifest.plist,https://asdf7.shangye365.com/apk/j6056.apk,default,
j6057.html,A,j6057,https://cvbn4.qixintui.com/ios/mfylzs/manifest.plist,https://asdf7.shangye365.com/apk/j6057.apk,default,
j6058.html,A,j6058,https://cvbn4.qixintui.com/ios/mfylzs/manifest.plist,https://asdf7.shangye365.com/apk/j6058.apk,default,
j6059.html,A,j6059,https://cvbn4.qixintui.com/ios/mfylzs/manifest.plist,https://asdf7.shangye365.com/apk/j6059.apk,default,
j6060.html,A,j6060,https://cvbn4.qixintui.com/ios/mfylzs/manifest.plist,https://asdf7.shangye365.com/apk/j6060.apk,default,
j6061.html,A,j6061,https://cvbn4.qixintui.com/ios/mfylzs/manifest.plist,https://asdf7.shangye365.com/apk/j6061.apk,default,
j6062.html,A,j6062,https://cvbn4.qixintui.com/ios/mfylzs/manifest.plist,https://asdf7.shangye365.com/apk/j6062.apk,default,
j6063.html,A,j6063,https://cvbn4.qixintui.com/ios/mfylzs/manifest.plist,https://asdf7.shangye365.com/apk/j6063.apk,default,
j6064.html,A,j6064,https://cvbn4.qixintui.com/ios/mfylzs/manifest.plist,https://asdf7.shangye365.com/apk/j6064.apk,default,
j6065.html,A,j6065,https://cvbn4.qixintui.com/ios/mfylzs/manifest.plist,https://asdf7.shangye365.com/apk/j6065.apk,default,
j6066.html,A,j6066,https://cvbn4.qixintui.com/ios/mfylzs/manifest.plist,https://asdf7.shangye365.com/apk/j6066.apk,default,
j6067.html,A,j6067,https://cvbn4.qixintui.com/ios/mfylzs/manifest.plist,https://asdf7.shangye365.com/apk/j6067.apk,default,
j6068.html,A,j6068,https://cvbn4.qixintui.com/ios/mfylzs/manifest.plist,https://asdf7.shangye365.com/apk/j6068.apk,default,
j6069.html,A,j6069,https://cvbn4.qixintui.com/ios/mfylzs/manifest.plist,https://asdf7.shangye365.com/apk/j6069.apk,default,
j6070.html,A,j6070,https://cvbn4.qixintui.com/ios/mfylzs/manifest.plist,https://asdf7.shangye365.com/apk/j6070.apk,default,
j6071.html,A,j6071,https://cvbn4.qixintui.com/ios/mfylzs/manifest.plist,https://asdf7.shangye365.com/apk/j6071.apk,default,
j6072.html,A,j6072,https://cvbn4.qixintui.com/ios/mfylzs/manifest.plist,https://asdf7.shangye365.com/apk/j6072.apk,default,
j6073.html,A,j6073,https://cvbn4.qixintui.com/ios/mfylzs/manifest.plist,https://asdf7.shangye365.com/apk/j6073.apk,default,
j6074.html,A,j6074,https://cvbn4.qixintui.com/ios/mfylzs/manifest.plist,https://asdf7.shangye365.com/apk/j6074.apk,default,
j6075.html,A,j6075,https://cvbn4.qixintui.com/ios/mfylzs/manifest.plist,https://asdf7.shangye365.com/apk/j6075.apk,default,
j6076.html,A,j6076,https://cvbn4.qixintui.com/ios/mfylzs/manifest.plist,https://asdf7.shangye365.com/apk/j6076.apk,default,
j6077.html,A,j6077,https://cvbn4.qixintui.com/ios/mfylzs/manifest.plist,https://asdf7.shangye365.com/apk/j6077.apk,default,
j6078.html,A,j6078,https://cvbn4.qixintui.com/ios/mfylzs/manifest.plist,https://asdf7.shangye365.com/apk/j6078.apk,default,
j6079.html,A,j6079,https://cvbn4.qixintui.com/ios/mfylzs/manifest.plist,https://asdf7.shangye365.com/apk/j6079.apk,default,
j6080.html,A,j6080,https://cvbn4.qixintui.com/ios/mfylzs/manifest.plist,https://asdf7.shangye365.com/apk/j6080.apk,default,
j6081.html,A,j6081,https://cvbn4.qixintui.com/ios/mfylzs/manifest.plist,https://asdf7.shangye365.com/apk/j6081.apk,default,
j6082.html,A,j6082,https://cvbn4.qixintui.com/ios/mfylzs/manifest.plist,https://asdf7.shangye365.com/apk/j6082.apk,default,
j6083.html,A,j6083,https://cvbn4.qixintui.com/ios/mfylzs/manifest.plist,https://asdf7.shangye365.com/apk/j6083.apk,default,
j6084.html,A,j6084,https://cvbn4.qixintui.com/ios/mfylzs/manifest.plist,https://asdf7.shangye365.com/apk/j6084.apk,default,
j6085.html,A,j6085,https://cvbn4.qixintui.com/ios/mfylzs/manifest.plist,https://asdf7.shangye365.com/apk/j6085.apk,default,
j6086.html,A,j6086,https://cvbn4.qixintui.com/ios/mfylzs/manifest.plist,https://asdf7.shangye365.com/apk/j6086.apk,default,
j6087.html,A,j6087,https://cvbn4.qixintui.com/ios/mfylzs/manifest.plist,https://asdf7.shangye365.com/apk/j6087.apk,default,
j6088.html,A,j6088,https://cvbn4.qixintui.com/ios/mfylzs/manifest.plist,https://asdf7.shangye365.com/apk/j6088.apk,default,
j6089.html,A,j6089,https://cvbn4.qixintui.com/ios/mfylzs/manifest.plist,https://asdf7.shangye365.com/apk/j6089.apk,default,
j6090.html,A,j6090,https://cvbn4.qixintui.com/ios/mfylzs/manifest.plist,https://asdf7.shangye365.com/apk/j6090.apk,default,
j6091.html,A,j6091,https://cvbn4.qixintui.com/ios/mfylzs/manifest.plist,https://asdf7.shangye365.com/apk/j6091.apk,default,
j6092.html,A,j6092,https://cvbn4.qixintui.com/ios/mfylzs/manifest.plist,https://asdf7.shangye365.com/apk/j6092.apk,default,
j6093.html,A,j6093,https://cvbn4.qixintui.com/ios/mfylzs/manifest.plist,https://asdf7.shangye365.com/apk/j6093.apk,default,
j6094.html,A,j6094,https://cvbn4.qixintui.com/ios/mfylzs/manifest.plist,https://asdf7.shangye365.com/apk/j6094.apk,default,
j6095.html,A,j6095,https://cvbn4.qixintui.com/ios/mfylzs/manifest.plist,https://asdf7.shangye365.com/apk/j6095.apk,default,
j6096.html,A,j6096,https://cvbn4.qixintui.com/ios/mfylzs/manifest.plist,https://asdf7.shangye365.com/apk/j6096.apk,default,
j6097.html,A,j6097,https://cvbn4.qixintui.com/ios/mfylzs/manifest.plist,https://asdf7.shangye365.com/apk/j6097.apk,default,
j6098.html,A,j6098,https://cvbn4.qixintui.com/ios/mfylzs/manifest.plist,https://asdf7.shangye365.com/apk/j6098.apk,default,
j6099.html,A,j6099,https://cvbn4.qixintui.com/ios/mfylzs/manifest.plist,https://asdf7.shangye365.com/apk/j6099.apk,default,
j6100.html,A,j6100,https://cvbn4.qixintui.com/ios/mfylzs/manifest.plist,https://asdf7.shangye365.com/apk/j6100.apk,default,
j6101.html,A,j6101,https://cvbn4.qixintui.com/ios/mfylzs/manifest.plist,https://asdf7.shangye365.com/apk/j6101.apk,default,
j6102.html,A,j6102,https://cvbn4.qixintui.com/ios/mfylzs/manifest.plist,https://asdf7.shangye365.com/apk/j6102.apk,default,
j6103.html,A,j6103,https://cvbn4.qixintui.com/ios/mfylzs/manifest.plist,https://asdf7.shangye365.com/apk/j6103.apk,default,
j6104.html,A,j6104,https://cvbn4.qixintui.com/ios/mfylzs/manifest.plist,https://asdf7.shangye365.com/apk/j6104.apk,default,
j6105.html,A,j6105,https://cvbn4.qixintui.com/ios/mfylzs/manifest.plist,https://asdf7.shangye365.com/apk/j6105.apk,default,
j6106.html,A,j6106,https://cvbn4.qixintui.com/ios/mfylzs/manifest.plist,https://asdf7.shangye365.com/apk/j6106.apk,default,
j6107.html,A,j6107,https://cvbn4.qixintui.com/ios/mfylzs/manifest.plist,https://asdf7.shangye365.com/apk/j6107.apk,default,
j6108.html,A,j6108,https://cvbn4.qixintui.com/ios/mfylzs/manifest.plist,https://asdf7.shangye365.com/apk/j6108.apk,default,
j6109.html,A,j6109,https://cvbn4.qixintui.com/ios/mfylzs/manifest.plist,https://asdf7.shangye365.com/apk/j6109.apk,default,
j6110.html,A,j6110,https://cvbn4.qixintui.com/ios/mfylzs/manifest.plist,https://asdf7.shangye365.com/apk/j6110.apk,default,
j6111.html,A,j6111,https://cvbn4.qixintui.com/ios/mfylzs/manifest.plist,https://asdf7.shangye365.com/apk/j6111.apk,default,
j6112.html,A,j6112,https://cvbn4.qixintui.com/ios/mfylzs/manifest.plist,https://asdf7.shangye365.com/apk/j6112.apk,default,
j6113.html,A,j6113,https://cvbn4.qixintui.com/ios/mfylzs/manifest.plist,https://asdf7.shangye365.com/apk/j6113.apk,default,
j6114.html,A,j6114,https://cvbn4.qixintui.com/ios/mfylzs/manifest.plist,https://asdf7.shangye365.com/apk/j6114.apk,default,
j6115.html,A,j6115,https://cvbn4.qixintui.com/ios/mfylzs/manifest.plist,https://asdf7.shangye365.com/apk/j6115.apk,default,
j6116.html,A,j6116,https://cvbn4.qixintui.com/ios/mfylzs/manifest.plist,https://asdf7.shangye365.com/apk/j6116.apk,default,
j6117.html,A,j6117,https://cvbn4.qixintui.com/ios/mfylzs/manifest.plist,https://asdf7.shangye365.com/apk/j6117.apk,default,
j6118.html,A,j6118,https://cvbn4.qixintui.com/ios/mfylzs/manifest.plist,https://asdf7.shangye365.com/apk/j6118.apk,default,
j6119.html,A,j6119,https://cvbn4.qixintui.com/ios/mfylzs/manifest.plist,https://asdf7.shangye365.com/apk/j6119.apk,default,
j6120.html,A,j6120,https://cvbn4.qixintui.com/ios/mfylzs/manifest.plist,https://asdf7.shangye365.com/apk/j6120.apk,default,
j6121.html,A,j6121,https://cvbn4.qixintui.com/ios/mfylzs/manifest.plist,https://asdf7.shangye365.com/apk/j6121.apk,default,
j6122.html,A,j6122,https://cvbn4.qixintui.com/ios/mfylzs/manifest.plist,https://asdf7.shangye365.com/apk/j6122.apk,default,
j6123.html,A,j6123,https://cvbn4.qixintui.com/ios/mfylzs/manifest.plist,https://asdf7.shangye365.com/apk/j6123.apk,default,
j6124.html,A,j6124,https://cvbn4.qixintui.com/ios/mfylzs/manifest.plist,https://asdf7.shangye365.com/apk/j6124.apk,default,
j6125.html,A,j6125,https://cvbn4.qixintui.com/ios/mfylzs/manifest.plist,https://asdf7.shangye365.com/apk/j6125.apk,default,
j6126.html,A,j6126,https://cvbn4.qixintui.com/ios/mfylzs/manifest.plist,https://asdf7.shangye365.com/apk/j6126.apk,default,
j6127.html,A,j6127,https://cvbn4.qixintui.com/ios/mfylzs/manifest.plist,https://asdf7.shangye365.com/apk/j6127.apk,default,
j6128.html,A,j6128,https://cvbn4.qixintui.com/ios/mfylzs/manifest.plist,https://asdf7.shangye365.com/apk/j6128.apk,default,
j6129.html,A,j6129,https://cvbn4.qixintui.com/ios/mfylzs/manifest.plist,https://asdf7.shangye365.com/apk/j6129.apk,default,
j6130.html,A,j6130,https://cvbn4.qixintui.com/ios/mfylzs/manifest.plist,https://asdf7.shangye365.com/apk/j6130.apk,default,
j6131.html,A,j6131,https://cvbn4.qixintui.com/ios/mfylzs/manifest.plist,https://asdf7.shangye365.com/apk/j6131.apk,default,
j6132.html,A,j6132,https://cvbn4.qixintui.com/ios/mfylzs/manifest.plist,https://asdf7.shangye365.com/apk/j6132.apk,default,
j6133.html,A,j6133,https://cvbn4.qixintui.com/ios/mfylzs/manifest.plist,https://asdf7.shangye365.com/apk/j6133.apk,default,
j6134.html,A,j6134,https://cvbn4.qixintui.com/ios/mfylzs/manifest.plist,https://asdf7.shangye365.com/apk/j6134.apk,default,
j6135.html,A,j6135,https://cvbn4.qixintui.com/ios/mfylzs/manifest.plist,https://asdf7.shangye365.com/apk/j6135.apk,default,
j6136.html,A,j6136,https://cvbn4.qixintui.com/ios/mfylzs/manifest.plist,https://asdf7.shangye365.com/apk/j6136.apk,default,
j6137.html,A,j6137,https://cvbn4.qixintui.com/ios/mfylzs/manifest.plist,https://asdf7.shangye365.com/apk/j6137.apk,default,
j6138.html,A,j6138,https://cvbn4.qixintui.com/ios/mfylzs/manifest.plist,https://asdf7.shangye365.com/apk/j6138.apk,default,
j6139.html,A,j6139,https://cvbn4.qixintui.com/ios/mfylzs/manifest.plist,https://asdf7.shangye365.com/apk/j6139.apk,default,
j6140.html,A,j6140,https://cvbn4.qixintui.com/ios/mfylzs/manifest.plist,https://asdf7.shangye365.com/apk/j6140.apk,default,
j6141.html,A,j6141,https://cvbn4.qixintui.com/ios/mfylzs/manifest.plist,https://asdf7.shangye365.com/apk/j6141.apk,default,
j6142.html,A,j6142,https://cvbn4.qixintui.com/ios/mfylzs/manifest.plist,https://asdf7.shangye365.com/apk/j6142.apk,default,
j6143.html,A,j6143,https://cvbn4.qixintui.com/ios/mfylzs/manifest.plist,https://asdf7.shangye365.com/apk/j6143.apk,default,
j6144.html,A,j6144,https://cvbn4.qixintui.com/ios/mfylzs/manifest.plist,https://asdf7.shangye365.com/apk/j6144.apk,default,
j6145.html,A,j6145,https://cvbn4.qixintui.com/ios/mfylzs/manifest.plist,https://asdf7.shangye365.com/apk/j6145.apk,default,
j6146.html,A,j6146,https://cvbn4.qixintui.com/ios/mfylzs/manifest.plist,https://asdf7.shangye365.com/apk/j6146.apk,default,
j6147.html,A,j6147,https://cvbn4.qixintui.com/ios/mfylzs/manifest.plist,https://asdf7.shangye365.com/apk/j6147.apk,default,
j6148.html,A,j6148,https://cvbn4.qixintui.com/ios/mfylzs/manifest.plist,https://asdf7.shangye365.com/apk/j6148.apk,default,
j6149.html,A,j6149,https://cvbn4.qixintui.com/ios/mfylzs/manifest.plist,https://asdf7.shangye365.com/apk/j6149.apk,default,
j6150.html,A,j6150,https://cvbn4.qixintui.com/ios/mfylzs/manifest.plist,https://asdf7.shangye365.com/apk/j6150.apk,default,
j6151.html,A,j6151,https://cvbn4.qixintui.com/ios/mfylzs/manifest.plist,https://asdf7.shangye365.com/apk/j6151.apk,default,
j6152.html,A,j6152,https://cvbn4.qixintui.com/ios/mfylzs/manifest.plist,https://asdf7.shangye365.com/apk/j6152.apk,default,
j6153.html,A,j6153,https://cvbn4.qixintui.com/ios/mfylzs/manifest.plist,https://asdf7.shangye365.com/apk/j6153.apk,default,
j6154.html,A,j6154,https://cvbn4.qixintui.com/ios/mfylzs/manifest.plist,https://asdf7.shangye365.com/apk/j6154.apk,default,
j6155.html,A,j6155,https://cvbn4.qixintui.com/ios/mfylzs/manifest.plist,https://asdf7.shangye365.com/apk/j6155.apk,default,
j6156.html,A,j6156,https://cvbn4.qixintui.com/ios/mfylzs/manifest.plist,https://asdf7.shangye365.com/apk/j6156.apk,default,
j6157.html,A,j6157,https://cvbn4.qixintui.com/ios/mfylzs/manifest.plist,https://asdf7.shangye365.com/apk/j6157.apk,default,
j6158.html,A,j6158,https://cvbn4.qixintui.com/ios/mfylzs/manifest.plist,https://asdf7.shangye365.com/apk/j6158.apk,default,
j6159.html,A,j6159,https://cvbn4.qixintui.com/ios/mfylzs/manifest.plist,https://asdf7.shangye365.com/apk/j6159.apk,default,
j6160.html,A,j6160,https://cvbn4.qixintui.com/ios/mfylzs/manifest.plist,https://asdf7.shangye365.com/apk/j6160.apk,default,
j6161.html,A,j6161,https://cvbn4.qixintui.com/ios/mfylzs/manifest.plist,https://asdf7.shangye365.com/apk/j6161.apk,default,
j6162.html,A,j6162,https://cvbn4.qixintui.com/ios/mfylzs/manifest.plist,https://asdf7.shangye365.com/apk/j6162.apk,default,
j6163.html,A,j6163,https://cvbn4.qixintui.com/ios/mfylzs/manifest.plist,https://asdf7.shangye365.com/apk/j6163.apk,default,
j6164.html,A,j6164,https://cvbn4.qixintui.com/ios/mfylzs/manifest.plist,https://asdf7.shangye365.com/apk/j6164.apk,default,
j6165.html,A,j6165,https://cvbn4.qixintui.com/ios/mfylzs/manifest.plist,https://asdf7.shangye365.com/apk/j6165.apk,default,
j6166.html,A,j6166,https://cvbn4.qixintui.com/ios/mfylzs/manifest.plist,https://asdf7.shangye365.com/apk/j6166.apk,default,
j6167.html,A,j6167,https://cvbn4.qixintui.com/ios/mfylzs/manifest.plist,https://asdf7.shangye365.com/apk/j6167.apk,default,
j6168.html,A,j6168,https://cvbn4.qixintui.com/ios/mfylzs/manifest.plist,https://asdf7.shangye365.com/apk/j6168.apk,default,
j6169.html,A,j6169,https://cvbn4.qixintui.com/ios/mfylzs/manifest.plist,https://asdf7.shangye365.com/apk/j6169.apk,default,
j6170.html,A,j6170,https://cvbn4.qixintui.com/ios/mfylzs/manifest.plist,https://asdf7.shangye365.com/apk/j6170.apk,default,
j6171.html,A,j6171,https://cvbn4.qixintui.com/ios/mfylzs/manifest.plist,https://asdf7.shangye365.com/apk/j6171.apk,default,
j6172.html,A,j6172,https://cvbn4.qixintui.com/ios/mfylzs/manifest.plist,https://asdf7.shangye365.com/apk/j6172.apk,default,
j6173.html,A,j6173,https://cvbn4.qixintui.com/ios/mfylzs/manifest.plist,https://asdf7.shangye365.com/apk/j6173.apk,default,
j6174.html,A,j6174,https://cvbn4.qixintui.com/ios/mfylzs/manifest.plist,https://asdf7.shangye365.com/apk/j6174.apk,default,
j6175.html,A,j6175,https://cvbn4.qixintui.com/ios/mfylzs/manifest.plist,https://asdf7.shangye365.com/apk/j6175.apk,default,
j6176.html,A,j6176,https://cvbn4.qixintui.com/ios/mfylzs/manifest.plist,https://asdf7.shangye365.com/apk/j6176.apk,default,
j6177.html,A,j6177,https://cvbn4.qixintui.com/ios/mfylzs/manifest.plist,https://asdf7.shangye365.com/apk/j6177.apk,default,
j6178.html,A,j6178,https://cvbn4.qixintui.com/ios/mfylzs/manifest.plist,https://asdf7.shangye365.com/apk/j6178.apk,default,
j6179.html,A,j6179,https://cvbn4.qixintui.com/ios/mfylzs/manifest.plist,https://asdf7.shangye365.com/apk/j6179.apk,default,
j6180.html,A,j6180,https://cvbn4.qixintui.com/ios/mfylzs/manifest.plist,https://asdf7.shangye365.com/apk/j6180.apk,default,
j6181.html,A,j6181,https://cvbn4.qixintui.com/ios/mfylzs/manifest.plist,https://asdf7.shangye365.com/apk/j6181.apk,default,
j6182.html,A,j6182,https://cvbn4.qixintui.com/ios/mfylzs/manifest.plist,https://asdf7.shangye365.com/apk/j6182.apk,default,
j6183.html,A,j6183,https://cvbn4.qixintui.com/ios/mfylzs/manifest.plist,https://asdf7.shangye365.com/apk/j6183.apk,default,
j6184.html,A,j6184,https://cvbn4.qixintui.com/ios/mfylzs/manifest.plist,https://asdf7.shangye365.com/apk/j6184.apk,default,
j6185.html,A,j6185,https://cvbn4.qixintui.com/ios/mfylzs/manifest.plist,https://asdf7.shangye365.com/apk/j6185.apk,default,
j6186.html,A,j6186,https://cvbn4.qixintui.com/ios/mfylzs/manifest.plist,https://asdf7.shangye365.com/apk/j6186.apk,default,
j6187.html,A,j6187,https://cvbn4.qixintui.com/ios/mfylzs/manifest.plist,https://asdf7.shangye365.com/apk/j6187.apk,default,
j6188.html,A,j6188,https://cvbn4.qixintui.com/ios/mfylzs/manifest.plist,https://asdf7.shangye365.com/apk/j6188.apk,default,
j6189.html,A,j6189,https://cvbn4.qixintui.com/ios/mfylzs/manifest.plist,https://asdf7.shangye365.com/apk/j6189.apk,default,
j6190.html,A,j6190,https://cvbn4.qixintui.com/ios/mfylzs/manifest.plist,https://asdf7.shangye365.com/apk/j6190.apk,default,
j6191.html,A,j6191,https://cvbn4.qixintui.com/ios/mfylzs/manifest.plist,https://asdf7.shangye365.com/apk/j6191.apk,default,
j6192.html,A,j6192,https://cvbn4.qixintui.com/ios/mfylzs/manifest.plist,https://asdf7.shangye365.com/apk/j6192.apk,default,
j6193.html,A,j6193,https://cvbn4.qixintui.com/ios/mfylzs/manifest.plist,https://asdf7.shangye365.com/apk/j6193.apk,default,
j6194.html,A,j6194,https://cvbn4.qixintui.com/ios/mfylzs/manifest.plist,https://asdf7.shangye365.com/apk/j6194.apk,default,
j6195.html,A,j6195,https://cvbn4.qixintui.com/ios/mfylzs/manifest.plist,https://asdf7.shangye365.com/apk/j6195.apk,default,
j6196.html,A,j6196,https://cvbn4.qixintui.com/ios/mfylzs/manifest.plist,https://asdf7.shangye365.com/apk/j6196.apk,default,
j6197.html,A,j6197,https://cvbn4.qixintui.com/ios/mfylzs/manifest.plist,https://asdf7.shangye365.com/apk/j6197.apk,default,
j6198.html,A,j6198,https://cvbn4.qixintui.com/ios/mfylzs/manifest.plist,https://asdf7.shangye365.com/apk/j6198.apk,default,
j6199.html,A,j6199,https://cvbn4.qixintui.com/ios/mfylzs/manifest.plist,https://asdf7.shangye365.com/apk/j6199.apk,default,
j6200.html,A,j6200,https://cvbn4.qixintui.com/ios/mfylzs/manifest.plist,https://asdf7.shangye365.com/apk/j6200.apk,default,
j6201.html,A,j6201,https://cvbn4.qixintui.com/ios/mfylzs/manifest.plist,https://asdf7.shangye365.com/apk/j6201apk,default,
j6202.html,A,j6202,https://cvbn4.qixintui.com/ios/mfylzs/manifest.plist,https://asdf7.shangye365.com/apk/j6202.apk,default,
j6203.html,A,j6203,https://cvbn4.qixintui.com/ios/mfylzs/manifest.plist,https://asdf7.shangye365.com/apk/j6203.apk,default,
j6204.html,A,j6204,https://cvbn4.qixintui.com/ios/mfylzs/manifest.plist,https://asdf7.shangye365.com/apk/j6204.apk,default,
j7001.html,A,j7001,https://cvbn4.qixintui.com/ios/mfylzs/manifest.plist,https://asdf7.shangye365.com/apk/j7001.apk,default,
j7002.html,A,j7002,https://cvbn4.qixintui.com/ios/mfylzs/manifest.plist,https://asdf7.shangye365.com/apk/j7002.apk,default,
j7003.html,A,j7003,https://cvbn4.qixintui.com/ios/mfylzs/manifest.plist,https://asdf7.shangye365.com/apk/j7003.apk,default,
j7004.html,A,j7004,https://cvbn4.qixintui.com/ios/mfylzs/manifest.plist,https://asdf7.shangye365.com/apk/j7004.apk,default,
j7005.html,A,j7005,https://cvbn4.qixintui.com/ios/mfylzs/manifest.plist,https://asdf7.shangye365.com/apk/j7005.apk,default,
j7006.html,A,j7006,https://cvbn4.qixintui.com/ios/mfylzs/manifest.plist,https://asdf7.shangye365.com/apk/j7006.apk,default,
j7007.html,A,j7007,https://cvbn4.qixintui.com/ios/mfylzs/manifest.plist,https://asdf7.shangye365.com/apk/j7007.apk,default,
j7008.html,A,j7008,https://cvbn4.qixintui.com/ios/mfylzs/manifest.plist,https://asdf7.shangye365.com/apk/j7008.apk,default,
j7009.html,A,j7009,https://cvbn4.qixintui.com/ios/mfylzs/manifest.plist,https://asdf7.shangye365.com/apk/j7009.apk,default,
j7010.html,A,j7010,https://cvbn4.qixintui.com/ios/mfylzs/manifest.plist,https://asdf7.shangye365.com/apk/j7010.apk,default,
j7011.html,A,j7011,https://cvbn4.qixintui.com/ios/mfylzs/manifest.plist,https://asdf7.shangye365.com/apk/j7011.apk,default,
j7012.html,A,j7012,https://cvbn4.qixintui.com/ios/mfylzs/manifest.plist,https://asdf7.shangye365.com/apk/j7012.apk,default,
j7013.html,A,j7013,https://cvbn4.qixintui.com/ios/mfylzs/manifest.plist,https://asdf7.shangye365.com/apk/j7013.apk,default,
j7014.html,A,j7014,https://cvbn4.qixintui.com/ios/mfylzs/manifest.plist,https://asdf7.shangye365.com/apk/j7014.apk,default,
j7015.html,A,j7015,https://cvbn4.qixintui.com/ios/mfylzs/manifest.plist,https://asdf7.shangye365.com/apk/j7015.apk,default,
j7016.html,A,j7016,https://cvbn4.qixintui.com/ios/mfylzs/manifest.plist,https://asdf7.shangye365.com/apk/j7016.apk,default,
j7017.html,A,j7017,https://cvbn4.qixintui.com/ios/mfylzs/manifest.plist,https://asdf7.shangye365.com/apk/j7017.apk,default,
j7018.html,A,j7018,https://cvbn4.qixintui.com/ios/mfylzs/manifest.plist,https://asdf7.shangye365.com/apk/j7018.apk,default,
j7019.html,A,j7019,https://cvbn4.qixintui.com/ios/mfylzs/manifest.plist,https://asdf7.shangye365.com/apk/j7019.apk,default,
j7020.html,A,j7020,https://cvbn4.qixintui.com/ios/mfylzs/manifest.plist,https://asdf7.shangye365.com/apk/j7020.apk,default,
j7021.html,A,j7021,https://cvbn4.qixintui.com/ios/mfylzs/manifest.plist,https://asdf7.shangye365.com/apk/j7021.apk,default,
j7022.html,A,j7022,https://cvbn4.qixintui.com/ios/mfylzs/manifest.plist,https://asdf7.shangye365.com/apk/j7022.apk,default,
j7023.html,A,j7023,https://cvbn4.qixintui.com/ios/mfylzs/manifest.plist,https://asdf7.shangye365.com/apk/j7023.apk,default,
j7024.html,A,j7024,https://cvbn4.qixintui.com/ios/mfylzs/manifest.plist,https://asdf7.shangye365.com/apk/j7024.apk,default,
j7025.html,A,j7025,https://cvbn4.qixintui.com/ios/mfylzs/manifest.plist,https://asdf7.shangye365.com/apk/j7025.apk,default,
j7026.html,A,j7026,https://cvbn4.qixintui.com/ios/mfylzs/manifest.plist,https://asdf7.shangye365.com/apk/j7026.apk,default,
j7027.html,A,j7027,https://cvbn4.qixintui.com/ios/mfylzs/manifest.plist,https://asdf7.shangye365.com/apk/j7027.apk,default,
j7028.html,A,j7028,https://cvbn4.qixintui.com/ios/mfylzs/manifest.plist,https://asdf7.shangye365.com/apk/j7028.apk,default,
j7029.html,A,j7029,https://cvbn4.qixintui.com/ios/mfylzs/manifest.plist,https://asdf7.shangye365.com/apk/j7029.apk,default,
j7030.html,A,j7030,https://cvbn4.qixintui.com/ios/mfylzs/manifest.plist,https://asdf7.shangye365.com/apk/j7030.apk,default,
j7031.html,A,j7031,https://cvbn4.qixintui.com/ios/mfylzs/manifest.plist,https://asdf7.shangye365.com/apk/j7031.apk,default,
j7032.html,A,j7032,https://cvbn4.qixintui.com/ios/mfylzs/manifest.plist,https://asdf7.shangye365.com/apk/j7032.apk,default,
j7033.html,A,j7033,https://cvbn4.qixintui.com/ios/mfylzs/manifest.plist,https://asdf7.shangye365.com/apk/j7033.apk,default,
j7034.html,A,j7034,https://cvbn4.qixintui.com/ios/mfylzs/manifest.plist,https://asdf7.shangye365.com/apk/j7034.apk,default,
j7035.html,A,j7035,https://cvbn4.qixintui.com/ios/mfylzs/manifest.plist,https://asdf7.shangye365.com/apk/j7035.apk,default,
j7036.html,A,j7036,https://cvbn4.qixintui.com/ios/mfylzs/manifest.plist,https://asdf7.shangye365.com/apk/j7036.apk,default,
j7037.html,A,j7037,https://cvbn4.qixintui.com/ios/mfylzs/manifest.plist,https://asdf7.shangye365.com/apk/j7037.apk,default,
j7038.html,A,j7038,https://cvbn4.qixintui.com/ios/mfylzs/manifest.plist,https://asdf7.shangye365.com/apk/j7038.apk,default,
j7039.html,A,j7039,https://cvbn4.qixintui.com/ios/mfylzs/manifest.plist,https://asdf7.shangye365.com/apk/j7039.apk,default,
j7040.html,A,j7040,https://cvbn4.qixintui.com/ios/mfylzs/manifest.plist,https://asdf7.shangye365.com/apk/j7040.apk,default,
j7041.html,A,j7041,https://cvbn4.qixintui.com/ios/mfylzs/manifest.plist,https://asdf7.shangye365.com/apk/j7041.apk,default,
j7042.html,A,j7042,https://cvbn4.qixintui.com/ios/mfylzs/manifest.plist,https://asdf7.shangye365.com/apk/j7042.apk,default,
j7043.html,A,j7043,https://cvbn4.qixintui.com/ios/mfylzs/manifest.plist,https://asdf7.shangye365.com/apk/j7043.apk,default,
j7044.html,A,j7044,https://cvbn4.qixintui.com/ios/mfylzs/manifest.plist,https://asdf7.shangye365.com/apk/j7044.apk,default,
j7045.html,A,j7045,https://cvbn4.qixintui.com/ios/mfylzs/manifest.plist,https://asdf7.shangye365.com/apk/j7045.apk,default,
j7046.html,A,j7046,https://cvbn4.qixintui.com/ios/mfylzs/manifest.plist,https://asdf7.shangye365.com/apk/j7046.apk,default,
j7047.html,A,j7047,https://cvbn4.qixintui.com/ios/mfylzs/manifest.plist,https://asdf7.shangye365.com/apk/j7047.apk,default,
j7048.html,A,j7048,https://cvbn4.qixintui.com/ios/mfylzs/manifest.plist,https://asdf7.shangye365.com/apk/j7048.apk,default,
j7049.html,A,j7049,https://cvbn4.qixintui.com/ios/mfylzs/manifest.plist,https://asdf7.shangye365.com/apk/j7049.apk,default,
j7050.html,A,j7050,https://cvbn4.qixintui.com/ios/mfylzs/manifest.plist,https://asdf7.shangye365.com/apk/j7050.apk,default,
j7051.html,A,j7051,https://cvbn4.qixintui.com/ios/mfylzs/manifest.plist,https://asdf7.shangye365.com/apk/j7051.apk,default,
j7052.html,A,j7052,https://cvbn4.qixintui.com/ios/mfylzs/manifest.plist,https://asdf7.shangye365.com/apk/j7052.apk,default,
j7053.html,A,j7053,https://cvbn4.qixintui.com/ios/mfylzs/manifest.plist,https://asdf7.shangye365.com/apk/j7053.apk,default,
j7054.html,A,j7054,https://cvbn4.qixintui.com/ios/mfylzs/manifest.plist,https://asdf7.shangye365.com/apk/j7054.apk,default,
j7055.html,A,j7055,https://cvbn4.qixintui.com/ios/mfylzs/manifest.plist,https://asdf7.shangye365.com/apk/j7055.apk,default,
j7056.html,A,j7056,https://cvbn4.qixintui.com/ios/mfylzs/manifest.plist,https://asdf7.shangye365.com/apk/j7056.apk,default,
j7057.html,A,j7057,https://cvbn4.qixintui.com/ios/mfylzs/manifest.plist,https://asdf7.shangye365.com/apk/j7057.apk,default,
j7058.html,A,j7058,https://cvbn4.qixintui.com/ios/mfylzs/manifest.plist,https://asdf7.shangye365.com/apk/j7058.apk,default,
j7059.html,A,j7059,https://cvbn4.qixintui.com/ios/mfylzs/manifest.plist,https://asdf7.shangye365.com/apk/j7059.apk,default,
j7060.html,A,j7060,https://cvbn4.qixintui.com/ios/mfylzs/manifest.plist,https://asdf7.shangye365.com/apk/j7060.apk,default,
j7061.html,A,j7061,https://cvbn4.qixintui.com/ios/mfylzs/manifest.plist,https://asdf7.shangye365.com/apk/j7061.apk,default,
j7062.html,A,j7062,https://cvbn4.qixintui.com/ios/mfylzs/manifest.plist,https://asdf7.shangye365.com/apk/j7062.apk,default,
j7063.html,A,j7063,https://cvbn4.qixintui.com/ios/mfylzs/manifest.plist,https://asdf7.shangye365.com/apk/j7063.apk,default,
j7064.html,A,j7064,https://cvbn4.qixintui.com/ios/mfylzs/manifest.plist,https://asdf7.shangye365.com/apk/j7064.apk,default,
j7065.html,A,j7065,https://cvbn4.qixintui.com/ios/mfylzs/manifest.plist,https://asdf7.shangye365.com/apk/j7065.apk,default,
j7066.html,A,j7066,https://cvbn4.qixintui.com/ios/mfylzs/manifest.plist,https://asdf7.shangye365.com/apk/j7066.apk,default,
j7067.html,A,j7067,https://cvbn4.qixintui.com/ios/mfylzs/manifest.plist,https://asdf7.shangye365.com/apk/j7067.apk,default,
j7068.html,A,j7068,https://cvbn4.qixintui.com/ios/mfylzs/manifest.plist,https://asdf7.shangye365.com/apk/j7068.apk,default,
j7069.html,A,j7069,https://cvbn4.qixintui.com/ios/mfylzs/manifest.plist,https://asdf7.shangye365.com/apk/j7069.apk,default,
j7070.html,A,j7070,https://cvbn4.qixintui.com/ios/mfylzs/manifest.plist,https://asdf7.shangye365.com/apk/j7070.apk,default,
j7071.html,A,j7071,https://cvbn4.qixintui.com/ios/mfylzs/manifest.plist,https://asdf7.shangye365.com/apk/j7071.apk,default,
j7072.html,A,j7072,https://cvbn4.qixintui.com/ios/mfylzs/manifest.plist,https://asdf7.shangye365.com/apk/j7072.apk,default,
j7073.html,A,j7073,https://cvbn4.qixintui.com/ios/mfylzs/manifest.plist,https://asdf7.shangye365.com/apk/j7073.apk,default,
j7074.html,A,j7074,https://cvbn4.qixintui.com/ios/mfylzs/manifest.plist,https://asdf7.shangye365.com/apk/j7074.apk,default,
j7075.html,A,j7075,https://cvbn4.qixintui.com/ios/mfylzs/manifest.plist,https://asdf7.shangye365.com/apk/j7075.apk,default,
j7076.html,A,j7076,https://cvbn4.qixintui.com/ios/mfylzs/manifest.plist,https://asdf7.shangye365.com/apk/j7076.apk,default,
j7077.html,A,j7077,https://cvbn4.qixintui.com/ios/mfylzs/manifest.plist,https://asdf7.shangye365.com/apk/j7077.apk,default,
j7078.html,A,j7078,https://cvbn4.qixintui.com/ios/mfylzs/manifest.plist,https://asdf7.shangye365.com/apk/j7078.apk,default,
j7079.html,A,j7079,https://cvbn4.qixintui.com/ios/mfylzs/manifest.plist,https://asdf7.shangye365.com/apk/j7079.apk,default,
j7080.html,A,j7080,https://cvbn4.qixintui.com/ios/mfylzs/manifest.plist,https://asdf7.shangye365.com/apk/j7080.apk,default,
j7081.html,A,j7081,https://cvbn4.qixintui.com/ios/mfylzs/manifest.plist,https://asdf7.shangye365.com/apk/j7081.apk,default,
j7082.html,A,j7082,https://cvbn4.qixintui.com/ios/mfylzs/manifest.plist,https://asdf7.shangye365.com/apk/j7082.apk,default,
j7083.html,A,j7083,https://cvbn4.qixintui.com/ios/mfylzs/manifest.plist,https://asdf7.shangye365.com/apk/j7083.apk,default,
j7084.html,A,j7084,https://cvbn4.qixintui.com/ios/mfylzs/manifest.plist,https://asdf7.shangye365.com/apk/j7084.apk,default,
j7085.html,A,j7085,https://cvbn4.qixintui.com/ios/mfylzs/manifest.plist,https://asdf7.shangye365.com/apk/j7085.apk,default,
j7086.html,A,j7086,https://cvbn4.qixintui.com/ios/mfylzs/manifest.plist,https://asdf7.shangye365.com/apk/j7086.apk,default,
j7087.html,A,j7087,https://cvbn4.qixintui.com/ios/mfylzs/manifest.plist,https://asdf7.shangye365.com/apk/j7087.apk,default,
j7088.html,A,j7088,https://cvbn4.qixintui.com/ios/mfylzs/manifest.plist,https://asdf7.shangye365.com/apk/j7088.apk,default,
j7089.html,A,j7089,https://cvbn4.qixintui.com/ios/mfylzs/manifest.plist,https://asdf7.shangye365.com/apk/j7089.apk,default,
j7090.html,A,j7090,https://cvbn4.qixintui.com/ios/mfylzs/manifest.plist,https://asdf7.shangye365.com/apk/j7090.apk,default,
j7091.html,A,j7091,https://cvbn4.qixintui.com/ios/mfylzs/manifest.plist,https://asdf7.shangye365.com/apk/j7091.apk,default,
j7092.html,A,j7092,https://cvbn4.qixintui.com/ios/mfylzs/manifest.plist,https://asdf7.shangye365.com/apk/j7092.apk,default,
j7093.html,A,j7093,https://cvbn4.qixintui.com/ios/mfylzs/manifest.plist,https://asdf7.shangye365.com/apk/j7093.apk,default,
j7094.html,A,j7094,https://cvbn4.qixintui.com/ios/mfylzs/manifest.plist,https://asdf7.shangye365.com/apk/j7094.apk,default,
j7095.html,A,j7095,https://cvbn4.qixintui.com/ios/mfylzs/manifest.plist,https://asdf7.shangye365.com/apk/j7095.apk,default,
j7096.html,A,j7096,https://cvbn4.qixintui.com/ios/mfylzs/manifest.plist,https://asdf7.shangye365.com/apk/j7096.apk,default,
j7097.html,A,j7097,https://cvbn4.qixintui.com/ios/mfylzs/manifest.plist,https://asdf7.shangye365.com/apk/j7097.apk,default,
j7098.html,A,j7098,https://cvbn4.qixintui.com/ios/mfylzs/manifest.plist,https://asdf7.shangye365.com/apk/j7098.apk,default,
j7099.html,A,j7099,https://cvbn4.qixintui.com/ios/mfylzs/manifest.plist,https://asdf7.shangye365.com/apk/j7099.apk,default,
j7100.html,A,j7100,https://cvbn4.qixintui.com/ios/mfylzs/manifest.plist,https://asdf7.shangye365.com/apk/j7100.apk,default,
j7101.html,A,j7101,https://cvbn4.qixintui.com/ios/mfylzs/manifest.plist,https://asdf7.shangye365.com/apk/j7101.apk,default,
j7102.html,A,j7102,https://cvbn4.qixintui.com/ios/mfylzs/manifest.plist,https://asdf7.shangye365.com/apk/j7102.apk,default,
j7103.html,A,j7103,https://cvbn4.qixintui.com/ios/mfylzs/manifest.plist,https://asdf7.shangye365.com/apk/j7103.apk,default,
j7104.html,A,j7104,https://cvbn4.qixintui.com/ios/mfylzs/manifest.plist,https://asdf7.shangye365.com/apk/j7104.apk,default,
j7105.html,A,j7105,https://cvbn4.qixintui.com/ios/mfylzs/manifest.plist,https://asdf7.shangye365.com/apk/j7105.apk,default,
j7106.html,A,j7106,https://cvbn4.qixintui.com/ios/mfylzs/manifest.plist,https://asdf7.shangye365.com/apk/j7106.apk,default,
j7107.html,A,j7107,https://cvbn4.qixintui.com/ios/mfylzs/manifest.plist,https://asdf7.shangye365.com/apk/j7107.apk,default,
j7108.html,A,j7108,https://cvbn4.qixintui.com/ios/mfylzs/manifest.plist,https://asdf7.shangye365.com/apk/j7108.apk,default,
j7109.html,A,j7109,https://cvbn4.qixintui.com/ios/mfylzs/manifest.plist,https://asdf7.shangye365.com/apk/j7109.apk,default,
j7110.html,A,j7110,https://cvbn4.qixintui.com/ios/mfylzs/manifest.plist,https://asdf7.shangye365.com/apk/j7110.apk,default,
j7111.html,A,j7111,https://cvbn4.qixintui.com/ios/mfylzs/manifest.plist,https://asdf7.shangye365.com/apk/j7111.apk,default,
j7112.html,A,j7112,https://cvbn4.qixintui.com/ios/mfylzs/manifest.plist,https://asdf7.shangye365.com/apk/j7112.apk,default,
j7113.html,A,j7113,https://cvbn4.qixintui.com/ios/mfylzs/manifest.plist,https://asdf7.shangye365.com/apk/j7113.apk,default,
j7114.html,A,j7114,https://cvbn4.qixintui.com/ios/mfylzs/manifest.plist,https://asdf7.shangye365.com/apk/j7114.apk,default,
j7115.html,A,j7115,https://cvbn4.qixintui.com/ios/mfylzs/manifest.plist,https://asdf7.shangye365.com/apk/j7115.apk,default,
j7116.html,A,j7116,https://cvbn4.qixintui.com/ios/mfylzs/manifest.plist,https://asdf7.shangye365.com/apk/j7116.apk,default,
j7117.html,A,j7117,https://cvbn4.qixintui.com/ios/mfylzs/manifest.plist,https://asdf7.shangye365.com/apk/j7117.apk,default,
j7118.html,A,j7118,https://cvbn4.qixintui.com/ios/mfylzs/manifest.plist,https://asdf7.shangye365.com/apk/j7118.apk,default,
j7119.html,A,j7119,https://cvbn4.qixintui.com/ios/mfylzs/manifest.plist,https://asdf7.shangye365.com/apk/j7119.apk,default,
j7120.html,A,j7120,https://cvbn4.qixintui.com/ios/mfylzs/manifest.plist,https://asdf7.shangye365.com/apk/j7120.apk,default,
j7121.html,A,j7121,https://cvbn4.qixintui.com/ios/mfylzs/manifest.plist,https://asdf7.shangye365.com/apk/j7121.apk,default,
j7122.html,A,j7122,https://cvbn4.qixintui.com/ios/mfylzs/manifest.plist,https://asdf7.shangye365.com/apk/j7122.apk,default,
j7123.html,A,j7123,https://cvbn4.qixintui.com/ios/mfylzs/manifest.plist,https://asdf7.shangye365.com/apk/j7123.apk,default,
j7124.html,A,j7124,https://cvbn4.qixintui.com/ios/mfylzs/manifest.plist,https://asdf7.shangye365.com/apk/j7124.apk,default,
j7125.html,A,j7125,https://cvbn4.qixintui.com/ios/mfylzs/manifest.plist,https://asdf7.shangye365.com/apk/j7125.apk,default,
j7126.html,A,j7126,https://cvbn4.qixintui.com/ios/mfylzs/manifest.plist,https://asdf7.shangye365.com/apk/j7126.apk,default,
j7127.html,A,j7127,https://cvbn4.qixintui.com/ios/mfylzs/manifest.plist,https://asdf7.shangye365.com/apk/j7127.apk,default,
j7128.html,A,j7128,https://cvbn4.qixintui.com/ios/mfylzs/manifest.plist,https://asdf7.shangye365.com/apk/j7128.apk,default,
j7129.html,A,j7129,https://cvbn4.qixintui.com/ios/mfylzs/manifest.plist,https://asdf7.shangye365.com/apk/j7129.apk,default,
j7130.html,A,j7130,https://cvbn4.qixintui.com/ios/mfylzs/manifest.plist,https://asdf7.shangye365.com/apk/j7130.apk,default,
j7131.html,A,j7131,https://cvbn4.qixintui.com/ios/mfylzs/manifest.plist,https://asdf7.shangye365.com/apk/j7131.apk,default,
j7132.html,A,j7132,https://cvbn4.qixintui.com/ios/mfylzs/manifest.plist,https://asdf7.shangye365.com/apk/j7132.apk,default,
j7133.html,A,j7133,https://cvbn4.qixintui.com/ios/mfylzs/manifest.plist,https://asdf7.shangye365.com/apk/j7133.apk,default,
j7134.html,A,j7134,https://cvbn4.qixintui.com/ios/mfylzs/manifest.plist,https://asdf7.shangye365.com/apk/j7134.apk,default,
j7135.html,A,j7135,https://cvbn4.qixintui.com/ios/mfylzs/manifest.plist,https://asdf7.shangye365.com/apk/j7135.apk,default,
j7136.html,A,j7136,https://cvbn4.qixintui.com/ios/mfylzs/manifest.plist,https://asdf7.shangye365.com/apk/j7136.apk,default,
j7137.html,A,j7137,https://cvbn4.qixintui.com/ios/mfylzs/manifest.plist,https://asdf7.shangye365.com/apk/j7137.apk,default,
j7138.html,A,j7138,https://cvbn4.qixintui.com/ios/mfylzs/manifest.plist,https://asdf7.shangye365.com/apk/j7138.apk,default,
j7139.html,A,j7139,https://cvbn4.qixintui.com/ios/mfylzs/manifest.plist,https://asdf7.shangye365.com/apk/j7139.apk,default,
j7140.html,A,j7140,https://cvbn4.qixintui.com/ios/mfylzs/manifest.plist,https://asdf7.shangye365.com/apk/j7140.apk,default,
j7141.html,A,j7141,https://cvbn4.qixintui.com/ios/mfylzs/manifest.plist,https://asdf7.shangye365.com/apk/j7141.apk,default,
j7142.html,A,j7142,https://cvbn4.qixintui.com/ios/mfylzs/manifest.plist,https://asdf7.shangye365.com/apk/j7142.apk,default,
j7143.html,A,j7143,https://cvbn4.qixintui.com/ios/mfylzs/manifest.plist,https://asdf7.shangye365.com/apk/j7143.apk,default,
j7144.html,A,j7144,https://cvbn4.qixintui.com/ios/mfylzs/manifest.plist,https://asdf7.shangye365.com/apk/j7144.apk,default,
j7145.html,A,j7145,https://cvbn4.qixintui.com/ios/mfylzs/manifest.plist,https://asdf7.shangye365.com/apk/j7145.apk,default,
j7146.html,A,j7146,https://cvbn4.qixintui.com/ios/mfylzs/manifest.plist,https://asdf7.shangye365.com/apk/j7146.apk,default,
j7147.html,A,j7147,https://cvbn4.qixintui.com/ios/mfylzs/manifest.plist,https://asdf7.shangye365.com/apk/j7147.apk,default,
j7148.html,A,j7148,https://cvbn4.qixintui.com/ios/mfylzs/manifest.plist,https://asdf7.shangye365.com/apk/j7148.apk,default,
j7149.html,A,j7149,https://cvbn4.qixintui.com/ios/mfylzs/manifest.plist,https://asdf7.shangye365.com/apk/j7149.apk,default,
j7150.html,A,j7150,https://cvbn4.qixintui.com/ios/mfylzs/manifest.plist,https://asdf7.shangye365.com/apk/j7150.apk,default,
j7151.html,A,j7151,https://cvbn4.qixintui.com/ios/mfylzs/manifest.plist,https://asdf7.shangye365.com/apk/j7151.apk,default,
j7152.html,A,j7152,https://cvbn4.qixintui.com/ios/mfylzs/manifest.plist,https://asdf7.shangye365.com/apk/j7152.apk,default,
j7153.html,A,j7153,https://cvbn4.qixintui.com/ios/mfylzs/manifest.plist,https://asdf7.shangye365.com/apk/j7153.apk,default,
j7154.html,A,j7154,https://cvbn4.qixintui.com/ios/mfylzs/manifest.plist,https://asdf7.shangye365.com/apk/j7154.apk,default,
j7155.html,A,j7155,https://cvbn4.qixintui.com/ios/mfylzs/manifest.plist,https://asdf7.shangye365.com/apk/j7155.apk,default,
j7156.html,A,j7156,https://cvbn4.qixintui.com/ios/mfylzs/manifest.plist,https://asdf7.shangye365.com/apk/j7156.apk,default,
j7157.html,A,j7157,https://cvbn4.qixintui.com/ios/mfylzs/manifest.plist,https://asdf7.shangye365.com/apk/j7157.apk,default,
j7158.html,A,j7158,https://cvbn4.qixintui.com/ios/mfylzs/manifest.plist,https://asdf7.shangye365.com/apk/j7158.apk,default,
j7159.html,A,j7159,https://cvbn4.qixintui.com/ios/mfylzs/manifest.plist,https://asdf7.shangye365.com/apk/j7159.apk,default,
j7160.html,A,j7160,https://cvbn4.qixintui.com/ios/mfylzs/manifest.plist,https://asdf7.shangye365.com/apk/j7160.apk,default,
j7161.html,A,j7161,https://cvbn4.qixintui.com/ios/mfylzs/manifest.plist,https://asdf7.shangye365.com/apk/j7161.apk,default,
j7162.html,A,j7162,https://cvbn4.qixintui.com/ios/mfylzs/manifest.plist,https://asdf7.shangye365.com/apk/j7162.apk,default,
j7163.html,A,j7163,https://cvbn4.qixintui.com/ios/mfylzs/manifest.plist,https://asdf7.shangye365.com/apk/j7163.apk,default,
j7164.html,A,j7164,https://cvbn4.qixintui.com/ios/mfylzs/manifest.plist,https://asdf7.shangye365.com/apk/j7164.apk,default,
j7165.html,A,j7165,https://cvbn4.qixintui.com/ios/mfylzs/manifest.plist,https://asdf7.shangye365.com/apk/j7165.apk,default,
j7166.html,A,j7166,https://cvbn4.qixintui.com/ios/mfylzs/manifest.plist,https://asdf7.shangye365.com/apk/j7166.apk,default,
j7167.html,A,j7167,https://cvbn4.qixintui.com/ios/mfylzs/manifest.plist,https://asdf7.shangye365.com/apk/j7167.apk,default,
j7168.html,A,j7168,https://cvbn4.qixintui.com/ios/mfylzs/manifest.plist,https://asdf7.shangye365.com/apk/j7168.apk,default,
j7169.html,A,j7169,https://cvbn4.qixintui.com/ios/mfylzs/manifest.plist,https://asdf7.shangye365.com/apk/j7169.apk,default,
j7170.html,A,j7170,https://cvbn4.qixintui.com/ios/mfylzs/manifest.plist,https://asdf7.shangye365.com/apk/j7170.apk,default,
j7171.html,A,j7171,https://cvbn4.qixintui.com/ios/mfylzs/manifest.plist,https://asdf7.shangye365.com/apk/j7171.apk,default,
j7172.html,A,j7172,https://cvbn4.qixintui.com/ios/mfylzs/manifest.plist,https://asdf7.shangye365.com/apk/j7172.apk,default,
j7173.html,A,j7173,https://cvbn4.qixintui.com/ios/mfylzs/manifest.plist,https://asdf7.shangye365.com/apk/j7173.apk,default,
j7174.html,A,j7174,https://cvbn4.qixintui.com/ios/mfylzs/manifest.plist,https://asdf7.shangye365.com/apk/j7174.apk,default,
j7175.html,A,j7175,https://cvbn4.qixintui.com/ios/mfylzs/manifest.plist,https://asdf7.shangye365.com/apk/j7175.apk,default,
j7176.html,A,j7176,https://cvbn4.qixintui.com/ios/mfylzs/manifest.plist,https://asdf7.shangye365.com/apk/j7176.apk,default,
j7177.html,A,j7177,https://cvbn4.qixintui.com/ios/mfylzs/manifest.plist,https://asdf7.shangye365.com/apk/j7177.apk,default,
j7178.html,A,j7178,https://cvbn4.qixintui.com/ios/mfylzs/manifest.plist,https://asdf7.shangye365.com/apk/j7178.apk,default,
j7179.html,A,j7179,https://cvbn4.qixintui.com/ios/mfylzs/manifest.plist,https://asdf7.shangye365.com/apk/j7179.apk,default,
j7180.html,A,j7180,https://cvbn4.qixintui.com/ios/mfylzs/manifest.plist,https://asdf7.shangye365.com/apk/j7180.apk,default,
j7181.html,A,j7181,https://cvbn4.qixintui.com/ios/mfylzs/manifest.plist,https://asdf7.shangye365.com/apk/j7181.apk,default,
j7182.html,A,j7182,https://cvbn4.qixintui.com/ios/mfylzs/manifest.plist,https://asdf7.shangye365.com/apk/j7182.apk,default,
j7183.html,A,j7183,https://cvbn4.qixintui.com/ios/mfylzs/manifest.plist,https://asdf7.shangye365.com/apk/j7183.apk,default,
j7184.html,A,j7184,https://cvbn4.qixintui.com/ios/mfylzs/manifest.plist,https://asdf7.shangye365.com/apk/j7184.apk,default,
j7185.html,A,j7185,https://cvbn4.qixintui.com/ios/mfylzs/manifest.plist,https://asdf7.shangye365.com/apk/j7185.apk,default,
j7186.html,A,j7186,https://cvbn4.qixintui.com/ios/mfylzs/manifest.plist,https://asdf7.shangye365.com/apk/j7186.apk,default,
j7187.html,A,j7187,https://cvbn4.qixintui.com/ios/mfylzs/manifest.plist,https://asdf7.shangye365.com/apk/j7187.apk,default,
j7188.html,A,j7188,https://cvbn4.qixintui.com/ios/mfylzs/manifest.plist,https://asdf7.shangye365.com/apk/j7188.apk,default,
j7189.html,A,j7189,https://cvbn4.qixintui.com/ios/mfylzs/manifest.plist,https://asdf7.shangye365.com/apk/j7189.apk,default,
j7190.html,A,j7190,https://cvbn4.qixintui.com/ios/mfylzs/manifest.plist,https://asdf7.shangye365.com/apk/j7190.apk,default,
j7191.html,A,j7191,https://cvbn4.qixintui.com/ios/mfylzs/manifest.plist,https://asdf7.shangye365.com/apk/j7191.apk,default,
j7192.html,A,j7192,https://cvbn4.qixintui.com/ios/mfylzs/manifest.plist,https://asdf7.shangye365.com/apk/j7192.apk,default,
j7193.html,A,j7193,https://cvbn4.qixintui.com/ios/mfylzs/manifest.plist,https://asdf7.shangye365.com/apk/j7193.apk,default,
j7194.html,A,j7194,https://cvbn4.qixintui.com/ios/mfylzs/manifest.plist,https://asdf7.shangye365.com/apk/j7194.apk,default,
j7195.html,A,j7195,https://cvbn4.qixintui.com/ios/mfylzs/manifest.plist,https://asdf7.shangye365.com/apk/j7195.apk,default,
j7196.html,A,j7196,https://cvbn4.qixintui.com/ios/mfylzs/manifest.plist,https://asdf7.shangye365.com/apk/j7196.apk,default,
j7197.html,A,j7197,https://cvbn4.qixintui.com/ios/mfylzs/manifest.plist,https://asdf7.shangye365.com/apk/j7197.apk,default,
j7198.html,A,j7198,https://cvbn4.qixintui.com/ios/mfylzs/manifest.plist,https://asdf7.shangye365.com/apk/j7198.apk,default,
j7199.html,A,j7199,https://cvbn4.qixintui.com/ios/mfylzs/manifest.plist,https://asdf7.shangye365.com/apk/j7199.apk,default,
j7200.html,A,j7200,https://cvbn4.qixintui.com/ios/mfylzs/manifest.plist,https://asdf7.shangye365.com/apk/j7200.apk,default,
j7201.html,A,j7201,https://cvbn4.qixintui.com/ios/mfylzs/manifest.plist,https://asdf7.shangye365.com/apk/j7201.apk,default,
j7202.html,A,j7202,https://cvbn4.qixintui.com/ios/mfylzs/manifest.plist,https://asdf7.shangye365.com/apk/j7202.apk,default,
j7203.html,A,j7203,https://cvbn4.qixintui.com/ios/mfylzs/manifest.plist,https://asdf7.shangye365.com/apk/j7203.apk,default,
j7204.html,A,j7204,https://cvbn4.qixintui.com/ios/mfylzs/manifest.plist,https://asdf7.shangye365.com/apk/j7204.apk,default,
lk2001.html,A,lk2001,https://cvbn4.qixintui.com/ios/mfylzs/manifest.plist,https://asdf7.shangye365.com/apk/lk2001.apk,default,
cai1001.html,A,cai1001,https://cvbn4.qixintui.com/ios/mfylzs/manifest.plist,https://asdf7.shangye365.com/apk/cai1001.apk,default,
cai1002.html,A,cai1002,https://cvbn4.qixintui.com/ios/mfylzs/manifest.plist,https://asdf7.shangye365.com/apk/cai1002.apk,default,
cai1003.html,A,cai1003,https://cvbn4.qixintui.com/ios/mfylzs/manifest.plist,https://asdf7.shangye365.com/apk/cai1003.apk,default,
cai1004.html,A,cai1004,https://cvbn4.qixintui.com/ios/mfylzs/manifest.plist,https://asdf7.shangye365.com/apk/cai1004.apk,default,
cai1005.html,A,cai1005,https://cvbn4.qixintui.com/ios/mfylzs/manifest.plist,https://asdf7.shangye365.com/apk/cai1005.apk,default,
cai1006.html,A,cai1006,https://cvbn4.qixintui.com/ios/mfylzs/manifest.plist,https://asdf7.shangye365.com/apk/cai1006.apk,default,
cai1007.html,A,cai1007,https://cvbn4.qixintui.com/ios/mfylzs/manifest.plist,https://asdf7.shangye365.com/apk/cai1007.apk,default,
cai1008.html,A,cai1008,https://cvbn4.qixintui.com/ios/mfylzs/manifest.plist,https://asdf7.shangye365.com/apk/cai1008.apk,default,
cai1009.html,A,cai1009,https://cvbn4.qixintui.com/ios/mfylzs/manifest.plist,https://asdf7.shangye365.com/apk/cai1009.apk,default,
cai1010.html,A,cai1010,https://cvbn4.qixintui.com/ios/mfylzs/manifest.plist,https://asdf7.shangye365.com/apk/cai1010.apk,default,
cai2001.html,A,cai2001,https://cvbn4.qixintui.com/ios/mfylzs/manifest.plist,https://asdf7.shangye365.com/apk/cai2001.apk,default,
cai2002.html,A,cai2002,https://cvbn4.qixintui.com/ios/mfylzs/manifest.plist,https://asdf7.shangye365.com/apk/cai2002.apk,default,
cai2003.html,A,cai2003,https://cvbn4.qixintui.com/ios/mfylzs/manifest.plist,https://asdf7.shangye365.com/apk/cai2003.apk,default,
cai2004.html,A,cai2004,https://cvbn4.qixintui.com/ios/mfylzs/manifest.plist,https://asdf7.shangye365.com/apk/cai2004.apk,default,
cai2005.html,A,cai2005,https://cvbn4.qixintui.com/ios/mfylzs/manifest.plist,https://asdf7.shangye365.com/apk/cai2005.apk,default,
cai2006.html,A,cai2006,https://cvbn4.qixintui.com/ios/mfylzs/manifest.plist,https://asdf7.shangye365.com/apk/cai2006.apk,default,
cai2007.html,A,cai2007,https://cvbn4.qixintui.com/ios/mfylzs/manifest.plist,https://asdf7.shangye365.com/apk/cai2007.apk,default,
cai2008.html,A,cai2008,https://cvbn4.qixintui.com/ios/mfylzs/manifest.plist,https://asdf7.shangye365.com/apk/cai2008.apk,default,
cai2009.html,A,cai2009,https://cvbn4.qixintui.com/ios/mfylzs/manifest.plist,https://asdf7.shangye365.com/apk/cai2009.apk,default,
cai2010.html,A,cai2010,https://cvbn4.qixintui.com/ios/mfylzs/manifest.plist,https://asdf7.shangye365.com/apk/cai2010.apk,default,
jd001.html,A,jd001,https://cvbn4.qixintui.com/ios/mfylzs/manifest.plist,https://asdf7.shangye365.com/apk/jd001.apk,default,
jd002.html,A,jd002,https://cvbn4.qixintui.com/ios/mfylzs/manifest.plist,https://asdf7.shangye365.com/apk/jd002.apk,default,
yx077.html,A,yx077,https://cvbn4.qixintui.com/ios/mfylzs/manifest.plist,https://cvbn5.gz-gcec.com/apk/yx077.apk,default,
yx078.html,A,yx078,https://cvbn4.qixintui.com/ios/mfylzs/manifest.plist,https://cvbn5.gz-gcec.com/apk/yx078.apk,default,
guanggaoios001.html,A,guanggaoios001,https://cvbn4.qixintui.com/ios/jtqdmfyl/manifest.plist,,directlocation,
kingios.html,A,kingios,https://cvbn4.qixintui.com/ios/mfylqd/manifest.plist,,directlocation,
new139ios01.html,A,new139ios01,https://cvbn4.qixintui.com/ios/ysyl/manifest.plist,,directlocation,
new139ios02.html,A,new139ios02,https://cvbn4.qixintui.com/ios/yjqp/manifest.plist,,directlocation,
new139ios03.html,A,new139ios03,https://cvbn4.qixintui.com/ios/mtyl/manifest.plist,,directlocation,
new139ios04.html,A,new139ios04,https://cvbn4.qixintui.com/ios/msyl/manifest.plist,,directlocation,
mhiikingios001.html,B,mhiikingios01  ,https://gwd.yongdungs.com/ios/mhii/manifest.plist,,directlocation,