path,pid,channel,iosUrl,adrUrl,dltmpl
xg001.html,B,xg001,https://itunes.apple.com/cn/app/id1411239262,https://icxkqjf.dldjg.com/apk/xg001.apk,default
xg002.html,B,xg002,https://itunes.apple.com/cn/app/id1411239262,https://icxkqjf.dldjg.com/apk/xg002.apk,default
xg003.html,B,xg003,https://itunes.apple.com/cn/app/id1411239262,https://icxkqjf.dldjg.com/apk/xg003.apk,default
xg004.html,B,xg004,https://itunes.apple.com/cn/app/id1411239262,https://icxkqjf.dldjg.com/apk/xg004.apk,default
xg005.html,B,xg005,https://itunes.apple.com/cn/app/id1411239262,https://icxkqjf.dldjg.com/apk/xg005.apk,default
xg006.html,B,xg006,https://itunes.apple.com/cn/app/id1411239262,https://icxkqjf.dldjg.com/apk/xg006.apk,default
xg007.html,B,xg007,https://itunes.apple.com/cn/app/id1411239262,https://icxkqjf.dldjg.com/apk/xg007.apk,default
xg008.html,B,xg008,https://itunes.apple.com/cn/app/id1411239262,https://icxkqjf.dldjg.com/apk/xg008.apk,default
xg009.html,B,xg009,https://itunes.apple.com/cn/app/id1411239262,https://icxkqjf.dldjg.com/apk/xg009.apk,default
xg010.html,B,xg010,https://itunes.apple.com/cn/app/id1411239262,https://icxkqjf.dldjg.com/apk/xg010.apk,default
xg011.html,B,xg011,https://itunes.apple.com/cn/app/id1411239262,https://icxkqjf.dldjg.com/apk/xg011.apk,default
xg012.html,B,xg012,https://itunes.apple.com/cn/app/id1411239262,https://icxkqjf.dldjg.com/apk/xg012.apk,default
xg013.html,B,xg013,https://itunes.apple.com/cn/app/id1411239262,https://icxkqjf.dldjg.com/apk/xg013.apk,default
xg014.html,B,xg014,https://itunes.apple.com/cn/app/id1411239262,https://icxkqjf.dldjg.com/apk/xg014.apk,default
xg015.html,B,xg015,https://itunes.apple.com/cn/app/id1411239262,https://icxkqjf.dldjg.com/apk/xg015.apk,default
xg016.html,B,xg016,https://itunes.apple.com/cn/app/id1411239262,https://icxkqjf.dldjg.com/apk/xg016.apk,default
xg017.html,B,xg017,https://itunes.apple.com/cn/app/id1411239262,https://icxkqjf.dldjg.com/apk/xg017.apk,default
xg018.html,B,xg018,https://itunes.apple.com/cn/app/id1411239262,https://icxkqjf.dldjg.com/apk/xg018.apk,default
xg019.html,B,xg019,https://itunes.apple.com/cn/app/id1411239262,https://icxkqjf.dldjg.com/apk/xg019.apk,default
xg020.html,B,xg020,https://itunes.apple.com/cn/app/id1411239262,https://icxkqjf.dldjg.com/apk/xg020.apk,default
xg021.html,B,xg021,https://itunes.apple.com/cn/app/id1411239262,https://icxkqjf.dldjg.com/apk/xg021.apk,default
xg022.html,B,xg022,https://itunes.apple.com/cn/app/id1411239262,https://icxkqjf.dldjg.com/apk/xg022.apk,default
xg023.html,B,xg023,https://itunes.apple.com/cn/app/id1411239262,https://icxkqjf.dldjg.com/apk/xg023.apk,default
xg024.html,B,xg024,https://itunes.apple.com/cn/app/id1411239262,https://icxkqjf.dldjg.com/apk/xg024.apk,default
xg025.html,B,xg025,https://itunes.apple.com/cn/app/id1411239262,https://icxkqjf.dldjg.com/apk/xg025.apk,default
xg026.html,B,xg026,https://itunes.apple.com/cn/app/id1411239262,https://icxkqjf.dldjg.com/apk/xg026.apk,default
xg027.html,B,xg027,https://itunes.apple.com/cn/app/id1411239262,https://icxkqjf.dldjg.com/apk/xg027.apk,default
xg028.html,B,xg028,https://itunes.apple.com/cn/app/id1411239262,https://icxkqjf.dldjg.com/apk/xg028.apk,default
xg029.html,B,xg029,https://itunes.apple.com/cn/app/id1411239262,https://icxkqjf.dldjg.com/apk/xg029.apk,default
xg030.html,B,xg030,https://itunes.apple.com/cn/app/id1411239262,https://icxkqjf.dldjg.com/apk/xg030.apk,default
xg031.html,B,xg031,https://itunes.apple.com/cn/app/id1411239262,https://icxkqjf.dldjg.com/apk/xg031.apk,default
xg032.html,B,xg032,https://itunes.apple.com/cn/app/id1411239262,https://icxkqjf.dldjg.com/apk/xg032.apk,default
xg033.html,B,xg033,https://itunes.apple.com/cn/app/id1411239262,https://icxkqjf.dldjg.com/apk/xg033.apk,default
xg034.html,B,xg034,https://itunes.apple.com/cn/app/id1411239262,https://icxkqjf.dldjg.com/apk/xg034.apk,default
xg035.html,B,xg035,https://itunes.apple.com/cn/app/id1411239262,https://icxkqjf.dldjg.com/apk/xg035.apk,default
xg036.html,B,xg036,https://itunes.apple.com/cn/app/id1411239262,https://icxkqjf.dldjg.com/apk/xg036.apk,default
xg037.html,B,xg037,https://itunes.apple.com/cn/app/id1411239262,https://icxkqjf.dldjg.com/apk/xg037.apk,default
xg038.html,B,xg038,https://itunes.apple.com/cn/app/id1411239262,https://icxkqjf.dldjg.com/apk/xg038.apk,default
xg039.html,B,xg039,https://itunes.apple.com/cn/app/id1411239262,https://icxkqjf.dldjg.com/apk/xg039.apk,default
xg040.html,B,xg040,https://itunes.apple.com/cn/app/id1411239262,https://icxkqjf.dldjg.com/apk/xg040.apk,default
xg041.html,B,xg041,https://itunes.apple.com/cn/app/id1411239262,https://icxkqjf.dldjg.com/apk/xg041.apk,default
xg042.html,B,xg042,https://itunes.apple.com/cn/app/id1411239262,https://icxkqjf.dldjg.com/apk/xg042.apk,default
xg043.html,B,xg043,https://itunes.apple.com/cn/app/id1411239262,https://icxkqjf.dldjg.com/apk/xg043.apk,default
xg044.html,B,xg044,https://itunes.apple.com/cn/app/id1411239262,https://icxkqjf.dldjg.com/apk/xg044.apk,default
xg045.html,B,xg045,https://itunes.apple.com/cn/app/id1411239262,https://icxkqjf.dldjg.com/apk/xg045.apk,default
xg046.html,B,xg046,https://itunes.apple.com/cn/app/id1411239262,https://icxkqjf.dldjg.com/apk/xg046.apk,default
xg047.html,B,xg047,https://itunes.apple.com/cn/app/id1411239262,https://icxkqjf.dldjg.com/apk/xg047.apk,default
xg048.html,B,xg048,https://itunes.apple.com/cn/app/id1411239262,https://icxkqjf.dldjg.com/apk/xg048.apk,default
xg049.html,B,xg049,https://itunes.apple.com/cn/app/id1411239262,https://icxkqjf.dldjg.com/apk/xg049.apk,default
xg050.html,B,xg050,https://itunes.apple.com/cn/app/id1411239262,https://icxkqjf.dldjg.com/apk/xg050.apk,default
xg051.html,B,xg051,https://itunes.apple.com/cn/app/id1411239262,https://icxkqjf.dldjg.com/apk/xg051.apk,default
xg052.html,B,xg052,https://itunes.apple.com/cn/app/id1411239262,https://icxkqjf.dldjg.com/apk/xg052.apk,default
xg053.html,B,xg053,https://itunes.apple.com/cn/app/id1411239262,https://icxkqjf.dldjg.com/apk/xg053.apk,default
xg054.html,B,xg054,https://itunes.apple.com/cn/app/id1411239262,https://icxkqjf.dldjg.com/apk/xg054.apk,default
xg055.html,B,xg055,https://itunes.apple.com/cn/app/id1411239262,https://icxkqjf.dldjg.com/apk/xg055.apk,default
xg056.html,B,xg056,https://itunes.apple.com/cn/app/id1411239262,https://icxkqjf.dldjg.com/apk/xg056.apk,default
xg057.html,B,xg057,https://itunes.apple.com/cn/app/id1411239262,https://icxkqjf.dldjg.com/apk/xg057.apk,default
xg058.html,B,xg058,https://itunes.apple.com/cn/app/id1411239262,https://icxkqjf.dldjg.com/apk/xg058.apk,default
xg059.html,B,xg059,https://itunes.apple.com/cn/app/id1411239262,https://icxkqjf.dldjg.com/apk/xg059.apk,default
xg060.html,B,xg060,https://itunes.apple.com/cn/app/id1411239262,https://icxkqjf.dldjg.com/apk/xg060.apk,default
xg061.html,B,xg061,https://itunes.apple.com/cn/app/id1411239262,https://icxkqjf.dldjg.com/apk/xg061.apk,default
xg062.html,B,xg062,https://itunes.apple.com/cn/app/id1411239262,https://icxkqjf.dldjg.com/apk/xg062.apk,default
xg063.html,B,xg063,https://itunes.apple.com/cn/app/id1411239262,https://icxkqjf.dldjg.com/apk/xg063.apk,default
xg064.html,B,xg064,https://itunes.apple.com/cn/app/id1411239262,https://icxkqjf.dldjg.com/apk/xg064.apk,default
xg065.html,B,xg065,https://itunes.apple.com/cn/app/id1411239262,https://icxkqjf.dldjg.com/apk/xg065.apk,default
xg066.html,B,xg066,https://itunes.apple.com/cn/app/id1411239262,https://icxkqjf.dldjg.com/apk/xg066.apk,default
xg067.html,B,xg067,https://itunes.apple.com/cn/app/id1411239262,https://icxkqjf.dldjg.com/apk/xg067.apk,default
xg068.html,B,xg068,https://itunes.apple.com/cn/app/id1411239262,https://icxkqjf.dldjg.com/apk/xg068.apk,default
xg069.html,B,xg069,https://itunes.apple.com/cn/app/id1411239262,https://icxkqjf.dldjg.com/apk/xg069.apk,default
xg070.html,B,xg070,https://itunes.apple.com/cn/app/id1411239262,https://icxkqjf.dldjg.com/apk/xg070.apk,default
xg071.html,B,xg071,https://itunes.apple.com/cn/app/id1411239262,https://icxkqjf.dldjg.com/apk/xg071.apk,default
xg072.html,B,xg072,https://itunes.apple.com/cn/app/id1411239262,https://icxkqjf.dldjg.com/apk/xg072.apk,default
xg073.html,B,xg073,https://itunes.apple.com/cn/app/id1411239262,https://icxkqjf.dldjg.com/apk/xg073.apk,default
xg074.html,B,xg074,https://itunes.apple.com/cn/app/id1411239262,https://icxkqjf.dldjg.com/apk/xg074.apk,default
xg075.html,B,xg075,https://itunes.apple.com/cn/app/id1411239262,https://icxkqjf.dldjg.com/apk/xg075.apk,default
xg076.html,B,xg076,https://itunes.apple.com/cn/app/id1411239262,https://icxkqjf.dldjg.com/apk/xg076.apk,default
xg077.html,B,xg077,https://itunes.apple.com/cn/app/id1411239262,https://icxkqjf.dldjg.com/apk/xg077.apk,default
xg078.html,B,xg078,https://itunes.apple.com/cn/app/id1411239262,https://icxkqjf.dldjg.com/apk/xg078.apk,default
xg079.html,B,xg079,https://itunes.apple.com/cn/app/id1411239262,https://icxkqjf.dldjg.com/apk/xg079.apk,default
xg080.html,B,xg080,https://itunes.apple.com/cn/app/id1411239262,https://icxkqjf.dldjg.com/apk/xg080.apk,default
xg081.html,B,xg081,https://itunes.apple.com/cn/app/id1411239262,https://icxkqjf.dldjg.com/apk/xg081.apk,default
xg082.html,B,xg082,https://itunes.apple.com/cn/app/id1411239262,https://icxkqjf.dldjg.com/apk/xg082.apk,default
xg083.html,B,xg083,https://itunes.apple.com/cn/app/id1411239262,https://icxkqjf.dldjg.com/apk/xg083.apk,default
xg084.html,B,xg084,https://itunes.apple.com/cn/app/id1411239262,https://icxkqjf.dldjg.com/apk/xg084.apk,default
xg085.html,B,xg085,https://itunes.apple.com/cn/app/id1411239262,https://icxkqjf.dldjg.com/apk/xg085.apk,default
xg086.html,B,xg086,https://itunes.apple.com/cn/app/id1411239262,https://icxkqjf.dldjg.com/apk/xg086.apk,default
xg087.html,B,xg087,https://itunes.apple.com/cn/app/id1411239262,https://icxkqjf.dldjg.com/apk/xg087.apk,default
xg088.html,B,xg088,https://itunes.apple.com/cn/app/id1411239262,https://icxkqjf.dldjg.com/apk/xg088.apk,default
xg089.html,B,xg089,https://itunes.apple.com/cn/app/id1411239262,https://icxkqjf.dldjg.com/apk/xg089.apk,default
xg090.html,B,xg090,https://itunes.apple.com/cn/app/id1411239262,https://icxkqjf.dldjg.com/apk/xg090.apk,default
xg091.html,B,xg091,https://itunes.apple.com/cn/app/id1411239262,https://icxkqjf.dldjg.com/apk/xg091.apk,default
xg092.html,B,xg092,https://itunes.apple.com/cn/app/id1411239262,https://icxkqjf.dldjg.com/apk/xg092.apk,default
xg093.html,B,xg093,https://itunes.apple.com/cn/app/id1411239262,https://icxkqjf.dldjg.com/apk/xg093.apk,default
xg094.html,B,xg094,https://itunes.apple.com/cn/app/id1411239262,https://icxkqjf.dldjg.com/apk/xg094.apk,default
xg095.html,B,xg095,https://itunes.apple.com/cn/app/id1411239262,https://icxkqjf.dldjg.com/apk/xg095.apk,default
xg096.html,B,xg096,https://itunes.apple.com/cn/app/id1411239262,https://icxkqjf.dldjg.com/apk/xg096.apk,default
xg097.html,B,xg097,https://itunes.apple.com/cn/app/id1411239262,https://icxkqjf.dldjg.com/apk/xg097.apk,default
xg098.html,B,xg098,https://itunes.apple.com/cn/app/id1411239262,https://icxkqjf.dldjg.com/apk/xg098.apk,default
xg099.html,B,xg099,https://itunes.apple.com/cn/app/id1411239262,https://icxkqjf.dldjg.com/apk/xg099.apk,default
xg100.html,B,xg100,https://itunes.apple.com/cn/app/id1411239262,https://icxkqjf.dldjg.com/apk/xg100.apk,default
xg101.html,B,xg101,https://itunes.apple.com/cn/app/id1411239262,https://icxkqjf.dldjg.com/apk/xg101.apk,default
xg102.html,B,xg102,https://itunes.apple.com/cn/app/id1411239262,https://icxkqjf.dldjg.com/apk/xg102.apk,default
xg103.html,B,xg103,https://itunes.apple.com/cn/app/id1411239262,https://icxkqjf.dldjg.com/apk/xg103.apk,default
xg104.html,B,xg104,https://itunes.apple.com/cn/app/id1411239262,https://icxkqjf.dldjg.com/apk/xg104.apk,default
xg105.html,B,xg105,https://itunes.apple.com/cn/app/id1411239262,https://icxkqjf.dldjg.com/apk/xg105.apk,default
xg106.html,B,xg106,https://itunes.apple.com/cn/app/id1411239262,https://icxkqjf.dldjg.com/apk/xg106.apk,default
xg107.html,B,xg107,https://itunes.apple.com/cn/app/id1411239262,https://icxkqjf.dldjg.com/apk/xg107.apk,default
xg108.html,B,xg108,https://itunes.apple.com/cn/app/id1411239262,https://icxkqjf.dldjg.com/apk/xg108.apk,default
xg109.html,B,xg109,https://itunes.apple.com/cn/app/id1411239262,https://icxkqjf.dldjg.com/apk/xg109.apk,default
xg110.html,B,xg110,https://itunes.apple.com/cn/app/id1411239262,https://icxkqjf.dldjg.com/apk/xg110.apk,default
xg111.html,B,xg111,https://itunes.apple.com/cn/app/id1411239262,https://icxkqjf.dldjg.com/apk/xg111.apk,default
xg112.html,B,xg112,https://itunes.apple.com/cn/app/id1411239262,https://icxkqjf.dldjg.com/apk/xg112.apk,default
xg113.html,B,xg113,https://itunes.apple.com/cn/app/id1411239262,https://icxkqjf.dldjg.com/apk/xg113.apk,default
xg114.html,B,xg114,https://itunes.apple.com/cn/app/id1411239262,https://icxkqjf.dldjg.com/apk/xg114.apk,default
xg115.html,B,xg115,https://itunes.apple.com/cn/app/id1411239262,https://icxkqjf.dldjg.com/apk/xg115.apk,default
xg116.html,B,xg116,https://itunes.apple.com/cn/app/id1411239262,https://icxkqjf.dldjg.com/apk/xg116.apk,default
xg117.html,B,xg117,https://itunes.apple.com/cn/app/id1411239262,https://icxkqjf.dldjg.com/apk/xg117.apk,default
xg118.html,B,xg118,https://itunes.apple.com/cn/app/id1411239262,https://icxkqjf.dldjg.com/apk/xg118.apk,default
xg119.html,B,xg119,https://itunes.apple.com/cn/app/id1411239262,https://icxkqjf.dldjg.com/apk/xg119.apk,default
xg120.html,B,xg120,https://itunes.apple.com/cn/app/id1411239262,https://icxkqjf.dldjg.com/apk/xg120.apk,default
xg121.html,B,xg121,https://itunes.apple.com/cn/app/id1411239262,https://icxkqjf.dldjg.com/apk/xg121.apk,default
xg122.html,B,xg122,https://itunes.apple.com/cn/app/id1411239262,https://icxkqjf.dldjg.com/apk/xg122.apk,default
xg123.html,B,xg123,https://itunes.apple.com/cn/app/id1411239262,https://icxkqjf.dldjg.com/apk/xg123.apk,default
xg124.html,B,xg124,https://itunes.apple.com/cn/app/id1411239262,https://icxkqjf.dldjg.com/apk/xg124.apk,default
xg125.html,B,xg125,https://itunes.apple.com/cn/app/id1411239262,https://icxkqjf.dldjg.com/apk/xg125.apk,default
xg126.html,B,xg126,https://itunes.apple.com/cn/app/id1411239262,https://icxkqjf.dldjg.com/apk/xg126.apk,default
xg127.html,B,xg127,https://itunes.apple.com/cn/app/id1411239262,https://icxkqjf.dldjg.com/apk/xg127.apk,default
xg128.html,B,xg128,https://itunes.apple.com/cn/app/id1411239262,https://icxkqjf.dldjg.com/apk/xg128.apk,default
xg129.html,B,xg129,https://itunes.apple.com/cn/app/id1411239262,https://icxkqjf.dldjg.com/apk/xg129.apk,default
xg130.html,B,xg130,https://itunes.apple.com/cn/app/id1411239262,https://icxkqjf.dldjg.com/apk/xg130.apk,default
xg131.html,B,xg131,https://itunes.apple.com/cn/app/id1411239262,https://icxkqjf.dldjg.com/apk/xg131.apk,default
xg132.html,B,xg132,https://itunes.apple.com/cn/app/id1411239262,https://icxkqjf.dldjg.com/apk/xg132.apk,default
xg133.html,B,xg133,https://itunes.apple.com/cn/app/id1411239262,https://icxkqjf.dldjg.com/apk/xg133.apk,default
xg134.html,B,xg134,https://itunes.apple.com/cn/app/id1411239262,https://icxkqjf.dldjg.com/apk/xg134.apk,default
xg135.html,B,xg135,https://itunes.apple.com/cn/app/id1411239262,https://icxkqjf.dldjg.com/apk/xg135.apk,default
xg136.html,B,xg136,https://itunes.apple.com/cn/app/id1411239262,https://icxkqjf.dldjg.com/apk/xg136.apk,default
xg137.html,B,xg137,https://itunes.apple.com/cn/app/id1411239262,https://icxkqjf.dldjg.com/apk/xg137.apk,default
xg138.html,B,xg138,https://itunes.apple.com/cn/app/id1411239262,https://icxkqjf.dldjg.com/apk/xg138.apk,default
xg139.html,B,xg139,https://itunes.apple.com/cn/app/id1411239262,https://icxkqjf.dldjg.com/apk/xg139.apk,default
xg140.html,B,xg140,https://itunes.apple.com/cn/app/id1411239262,https://icxkqjf.dldjg.com/apk/xg140.apk,default
xg141.html,B,xg141,https://itunes.apple.com/cn/app/id1411239262,https://icxkqjf.dldjg.com/apk/xg141.apk,default
xg142.html,B,xg142,https://itunes.apple.com/cn/app/id1411239262,https://icxkqjf.dldjg.com/apk/xg142.apk,default
xg143.html,B,xg143,https://itunes.apple.com/cn/app/id1411239262,https://icxkqjf.dldjg.com/apk/xg143.apk,default
xg144.html,B,xg144,https://itunes.apple.com/cn/app/id1411239262,https://icxkqjf.dldjg.com/apk/xg144.apk,default
xg145.html,B,xg145,https://itunes.apple.com/cn/app/id1411239262,https://icxkqjf.dldjg.com/apk/xg145.apk,default
xg146.html,B,xg146,https://itunes.apple.com/cn/app/id1411239262,https://icxkqjf.dldjg.com/apk/xg146.apk,default
xg147.html,B,xg147,https://itunes.apple.com/cn/app/id1411239262,https://icxkqjf.dldjg.com/apk/xg147.apk,default
xg148.html,B,xg148,https://itunes.apple.com/cn/app/id1411239262,https://icxkqjf.dldjg.com/apk/xg148.apk,default
xg149.html,B,xg149,https://itunes.apple.com/cn/app/id1411239262,https://icxkqjf.dldjg.com/apk/xg149.apk,default
xg150.html,B,xg150,https://itunes.apple.com/cn/app/id1411239262,https://icxkqjf.dldjg.com/apk/xg150.apk,default
xg151.html,B,xg151,https://itunes.apple.com/cn/app/id1411239262,https://icxkqjf.dldjg.com/apk/xg151.apk,default
xg152.html,B,xg152,https://itunes.apple.com/cn/app/id1411239262,https://icxkqjf.dldjg.com/apk/xg152.apk,default
xg153.html,B,xg153,https://itunes.apple.com/cn/app/id1411239262,https://icxkqjf.dldjg.com/apk/xg153.apk,default
xg154.html,B,xg154,https://itunes.apple.com/cn/app/id1411239262,https://icxkqjf.dldjg.com/apk/xg154.apk,default
xg155.html,B,xg155,https://itunes.apple.com/cn/app/id1411239262,https://icxkqjf.dldjg.com/apk/xg155.apk,default
xg156.html,B,xg156,https://itunes.apple.com/cn/app/id1411239262,https://icxkqjf.dldjg.com/apk/xg156.apk,default
xg157.html,B,xg157,https://itunes.apple.com/cn/app/id1411239262,https://icxkqjf.dldjg.com/apk/xg157.apk,default
xg158.html,B,xg158,https://itunes.apple.com/cn/app/id1411239262,https://icxkqjf.dldjg.com/apk/xg158.apk,default
xg159.html,B,xg159,https://itunes.apple.com/cn/app/id1411239262,https://icxkqjf.dldjg.com/apk/xg159.apk,default
xg160.html,B,xg160,https://itunes.apple.com/cn/app/id1411239262,https://icxkqjf.dldjg.com/apk/xg160.apk,default
xg161.html,B,xg161,https://itunes.apple.com/cn/app/id1411239262,https://icxkqjf.dldjg.com/apk/xg161.apk,default
xg162.html,B,xg162,https://itunes.apple.com/cn/app/id1411239262,https://icxkqjf.dldjg.com/apk/xg162.apk,default
xg163.html,B,xg163,https://itunes.apple.com/cn/app/id1411239262,https://icxkqjf.dldjg.com/apk/xg163.apk,default
xg164.html,B,xg164,https://itunes.apple.com/cn/app/id1411239262,https://icxkqjf.dldjg.com/apk/xg164.apk,default
xg165.html,B,xg165,https://itunes.apple.com/cn/app/id1411239262,https://icxkqjf.dldjg.com/apk/xg165.apk,default
xg166.html,B,xg166,https://itunes.apple.com/cn/app/id1411239262,https://icxkqjf.dldjg.com/apk/xg166.apk,default
xg167.html,B,xg167,https://itunes.apple.com/cn/app/id1411239262,https://icxkqjf.dldjg.com/apk/xg167.apk,default
xg168.html,B,xg168,https://itunes.apple.com/cn/app/id1411239262,https://icxkqjf.dldjg.com/apk/xg168.apk,default
xg169.html,B,xg169,https://itunes.apple.com/cn/app/id1411239262,https://icxkqjf.dldjg.com/apk/xg169.apk,default
xg170.html,B,xg170,https://itunes.apple.com/cn/app/id1411239262,https://icxkqjf.dldjg.com/apk/xg170.apk,default
xg171.html,B,xg171,https://itunes.apple.com/cn/app/id1411239262,https://icxkqjf.dldjg.com/apk/xg171.apk,default
xg172.html,B,xg172,https://itunes.apple.com/cn/app/id1411239262,https://icxkqjf.dldjg.com/apk/xg172.apk,default
xg173.html,B,xg173,https://itunes.apple.com/cn/app/id1411239262,https://icxkqjf.dldjg.com/apk/xg173.apk,default
xg174.html,B,xg174,https://itunes.apple.com/cn/app/id1411239262,https://icxkqjf.dldjg.com/apk/xg174.apk,default
xg175.html,B,xg175,https://itunes.apple.com/cn/app/id1411239262,https://icxkqjf.dldjg.com/apk/xg175.apk,default
xg176.html,B,xg176,https://itunes.apple.com/cn/app/id1411239262,https://icxkqjf.dldjg.com/apk/xg176.apk,default
xg177.html,B,xg177,https://itunes.apple.com/cn/app/id1411239262,https://icxkqjf.dldjg.com/apk/xg177.apk,default
xg178.html,B,xg178,https://itunes.apple.com/cn/app/id1411239262,https://icxkqjf.dldjg.com/apk/xg178.apk,default
xg179.html,B,xg179,https://itunes.apple.com/cn/app/id1411239262,https://icxkqjf.dldjg.com/apk/xg179.apk,default
xg180.html,B,xg180,https://itunes.apple.com/cn/app/id1411239262,https://icxkqjf.dldjg.com/apk/xg180.apk,default
xg181.html,B,xg181,https://itunes.apple.com/cn/app/id1411239262,https://icxkqjf.dldjg.com/apk/xg181.apk,default
xg182.html,B,xg182,https://itunes.apple.com/cn/app/id1411239262,https://icxkqjf.dldjg.com/apk/xg182.apk,default
xg183.html,B,xg183,https://itunes.apple.com/cn/app/id1411239262,https://icxkqjf.dldjg.com/apk/xg183.apk,default
xg184.html,B,xg184,https://itunes.apple.com/cn/app/id1411239262,https://icxkqjf.dldjg.com/apk/xg184.apk,default
xg185.html,B,xg185,https://itunes.apple.com/cn/app/id1411239262,https://icxkqjf.dldjg.com/apk/xg185.apk,default
xg186.html,B,xg186,https://itunes.apple.com/cn/app/id1411239262,https://icxkqjf.dldjg.com/apk/xg186.apk,default
xg187.html,B,xg187,https://itunes.apple.com/cn/app/id1411239262,https://icxkqjf.dldjg.com/apk/xg187.apk,default
xg188.html,B,xg188,https://itunes.apple.com/cn/app/id1411239262,https://icxkqjf.dldjg.com/apk/xg188.apk,default
xg189.html,B,xg189,https://itunes.apple.com/cn/app/id1411239262,https://icxkqjf.dldjg.com/apk/xg189.apk,default
xg190.html,B,xg190,https://itunes.apple.com/cn/app/id1411239262,https://icxkqjf.dldjg.com/apk/xg190.apk,default
xg191.html,B,xg191,https://itunes.apple.com/cn/app/id1411239262,https://icxkqjf.dldjg.com/apk/xg191.apk,default
xg192.html,B,xg192,https://itunes.apple.com/cn/app/id1411239262,https://icxkqjf.dldjg.com/apk/xg192.apk,default
xg193.html,B,xg193,https://itunes.apple.com/cn/app/id1411239262,https://icxkqjf.dldjg.com/apk/xg193.apk,default
xg194.html,B,xg194,https://itunes.apple.com/cn/app/id1411239262,https://icxkqjf.dldjg.com/apk/xg194.apk,default
xg195.html,B,xg195,https://itunes.apple.com/cn/app/id1411239262,https://icxkqjf.dldjg.com/apk/xg195.apk,default
xg196.html,B,xg196,https://itunes.apple.com/cn/app/id1411239262,https://icxkqjf.dldjg.com/apk/xg196.apk,default
xg197.html,B,xg197,https://itunes.apple.com/cn/app/id1411239262,https://icxkqjf.dldjg.com/apk/xg197.apk,default
xg198.html,B,xg198,https://itunes.apple.com/cn/app/id1411239262,https://icxkqjf.dldjg.com/apk/xg198.apk,default
xg199.html,B,xg199,https://itunes.apple.com/cn/app/id1411239262,https://icxkqjf.dldjg.com/apk/xg199.apk,default
xg200.html,B,xg200,https://itunes.apple.com/cn/app/id1411239262,https://icxkqjf.dldjg.com/apk/xg200.apk,default
xg201.html,B,xg201,https://itunes.apple.com/cn/app/id1411239262,https://icxkqjf.dldjg.com/apk/xg201.apk,default
xg202.html,B,xg202,https://itunes.apple.com/cn/app/id1411239262,https://icxkqjf.dldjg.com/apk/xg202.apk,default
xg203.html,B,xg203,https://itunes.apple.com/cn/app/id1411239262,https://icxkqjf.dldjg.com/apk/xg203.apk,default
xg204.html,B,xg204,https://itunes.apple.com/cn/app/id1411239262,https://icxkqjf.dldjg.com/apk/xg204.apk,default
xg205.html,B,xg205,https://itunes.apple.com/cn/app/id1411239262,https://icxkqjf.dldjg.com/apk/xg205.apk,default
xg206.html,B,xg206,https://itunes.apple.com/cn/app/id1411239262,https://icxkqjf.dldjg.com/apk/xg206.apk,default
xg207.html,B,xg207,https://itunes.apple.com/cn/app/id1411239262,https://icxkqjf.dldjg.com/apk/xg207.apk,default
xg208.html,B,xg208,https://itunes.apple.com/cn/app/id1411239262,https://icxkqjf.dldjg.com/apk/xg208.apk,default
xg209.html,B,xg209,https://itunes.apple.com/cn/app/id1411239262,https://icxkqjf.dldjg.com/apk/xg209.apk,default
xg210.html,B,xg210,https://itunes.apple.com/cn/app/id1411239262,https://icxkqjf.dldjg.com/apk/xg210.apk,default
xg211.html,B,xg211,https://itunes.apple.com/cn/app/id1411239262,https://icxkqjf.dldjg.com/apk/xg211.apk,default
xg212.html,B,xg212,https://itunes.apple.com/cn/app/id1411239262,https://icxkqjf.dldjg.com/apk/xg212.apk,default
xg213.html,B,xg213,https://itunes.apple.com/cn/app/id1411239262,https://icxkqjf.dldjg.com/apk/xg213.apk,default
xg214.html,B,xg214,https://itunes.apple.com/cn/app/id1411239262,https://icxkqjf.dldjg.com/apk/xg214.apk,default
xg215.html,B,xg215,https://itunes.apple.com/cn/app/id1411239262,https://icxkqjf.dldjg.com/apk/xg215.apk,default
xg216.html,B,xg216,https://itunes.apple.com/cn/app/id1411239262,https://icxkqjf.dldjg.com/apk/xg216.apk,default
xg217.html,B,xg217,https://itunes.apple.com/cn/app/id1411239262,https://icxkqjf.dldjg.com/apk/xg217.apk,default
xg218.html,B,xg218,https://itunes.apple.com/cn/app/id1411239262,https://icxkqjf.dldjg.com/apk/xg218.apk,default
xg219.html,B,xg219,https://itunes.apple.com/cn/app/id1411239262,https://icxkqjf.dldjg.com/apk/xg219.apk,default
xg220.html,B,xg220,https://itunes.apple.com/cn/app/id1411239262,https://icxkqjf.dldjg.com/apk/xg220.apk,default
xg221.html,B,xg221,https://itunes.apple.com/cn/app/id1411239262,https://icxkqjf.dldjg.com/apk/xg221.apk,default
xg222.html,B,xg222,https://itunes.apple.com/cn/app/id1411239262,https://icxkqjf.dldjg.com/apk/xg222.apk,default
xg223.html,B,xg223,https://itunes.apple.com/cn/app/id1411239262,https://icxkqjf.dldjg.com/apk/xg223.apk,default
xg224.html,B,xg224,https://itunes.apple.com/cn/app/id1411239262,https://icxkqjf.dldjg.com/apk/xg224.apk,default
xg225.html,B,xg225,https://itunes.apple.com/cn/app/id1411239262,https://icxkqjf.dldjg.com/apk/xg225.apk,default
xg226.html,B,xg226,https://itunes.apple.com/cn/app/id1411239262,https://icxkqjf.dldjg.com/apk/xg226.apk,default
xg227.html,B,xg227,https://itunes.apple.com/cn/app/id1411239262,https://icxkqjf.dldjg.com/apk/xg227.apk,default
xg228.html,B,xg228,https://itunes.apple.com/cn/app/id1411239262,https://icxkqjf.dldjg.com/apk/xg228.apk,default
xg229.html,B,xg229,https://itunes.apple.com/cn/app/id1411239262,https://icxkqjf.dldjg.com/apk/xg229.apk,default
xg230.html,B,xg230,https://itunes.apple.com/cn/app/id1411239262,https://icxkqjf.dldjg.com/apk/xg230.apk,default
xg231.html,B,xg231,https://itunes.apple.com/cn/app/id1411239262,https://icxkqjf.dldjg.com/apk/xg231.apk,default
xg232.html,B,xg232,https://itunes.apple.com/cn/app/id1411239262,https://icxkqjf.dldjg.com/apk/xg232.apk,default
xg233.html,B,xg233,https://itunes.apple.com/cn/app/id1411239262,https://icxkqjf.dldjg.com/apk/xg233.apk,default
xg234.html,B,xg234,https://itunes.apple.com/cn/app/id1411239262,https://icxkqjf.dldjg.com/apk/xg234.apk,default
xg235.html,B,xg235,https://itunes.apple.com/cn/app/id1411239262,https://icxkqjf.dldjg.com/apk/xg235.apk,default
xg236.html,B,xg236,https://itunes.apple.com/cn/app/id1411239262,https://icxkqjf.dldjg.com/apk/xg236.apk,default
xg237.html,B,xg237,https://itunes.apple.com/cn/app/id1411239262,https://icxkqjf.dldjg.com/apk/xg237.apk,default
xg238.html,B,xg238,https://itunes.apple.com/cn/app/id1411239262,https://icxkqjf.dldjg.com/apk/xg238.apk,default
xg239.html,B,xg239,https://itunes.apple.com/cn/app/id1411239262,https://icxkqjf.dldjg.com/apk/xg239.apk,default
xg240.html,B,xg240,https://itunes.apple.com/cn/app/id1411239262,https://icxkqjf.dldjg.com/apk/xg240.apk,default
xg241.html,B,xg241,https://itunes.apple.com/cn/app/id1411239262,https://icxkqjf.dldjg.com/apk/xg241.apk,default
xg242.html,B,xg242,https://itunes.apple.com/cn/app/id1411239262,https://icxkqjf.dldjg.com/apk/xg242.apk,default
xg243.html,B,xg243,https://itunes.apple.com/cn/app/id1411239262,https://icxkqjf.dldjg.com/apk/xg243.apk,default
xg244.html,B,xg244,https://itunes.apple.com/cn/app/id1411239262,https://icxkqjf.dldjg.com/apk/xg244.apk,default
xg245.html,B,xg245,https://itunes.apple.com/cn/app/id1411239262,https://icxkqjf.dldjg.com/apk/xg245.apk,default
xg246.html,B,xg246,https://itunes.apple.com/cn/app/id1411239262,https://icxkqjf.dldjg.com/apk/xg246.apk,default
xg247.html,B,xg247,https://itunes.apple.com/cn/app/id1411239262,https://icxkqjf.dldjg.com/apk/xg247.apk,default
xg248.html,B,xg248,https://itunes.apple.com/cn/app/id1411239262,https://icxkqjf.dldjg.com/apk/xg248.apk,default
xg249.html,B,xg249,https://itunes.apple.com/cn/app/id1411239262,https://icxkqjf.dldjg.com/apk/xg249.apk,default
xg250.html,B,xg250,https://itunes.apple.com/cn/app/id1411239262,https://icxkqjf.dldjg.com/apk/xg250.apk,default
xg251.html,B,xg251,https://itunes.apple.com/cn/app/id1411239262,https://icxkqjf.dldjg.com/apk/xg251.apk,default
xg252.html,B,xg252,https://itunes.apple.com/cn/app/id1411239262,https://icxkqjf.dldjg.com/apk/xg252.apk,default
xg253.html,B,xg253,https://itunes.apple.com/cn/app/id1411239262,https://icxkqjf.dldjg.com/apk/xg253.apk,default
xg254.html,B,xg254,https://itunes.apple.com/cn/app/id1411239262,https://icxkqjf.dldjg.com/apk/xg254.apk,default
xg255.html,B,xg255,https://itunes.apple.com/cn/app/id1411239262,https://icxkqjf.dldjg.com/apk/xg255.apk,default
xg256.html,B,xg256,https://itunes.apple.com/cn/app/id1411239262,https://icxkqjf.dldjg.com/apk/xg256.apk,default
xg257.html,B,xg257,https://itunes.apple.com/cn/app/id1411239262,https://icxkqjf.dldjg.com/apk/xg257.apk,default
xg258.html,B,xg258,https://itunes.apple.com/cn/app/id1411239262,https://icxkqjf.dldjg.com/apk/xg258.apk,default
xg259.html,B,xg259,https://itunes.apple.com/cn/app/id1411239262,https://icxkqjf.dldjg.com/apk/xg259.apk,default
xg260.html,B,xg260,https://itunes.apple.com/cn/app/id1411239262,https://icxkqjf.dldjg.com/apk/xg260.apk,default
xg261.html,B,xg261,https://itunes.apple.com/cn/app/id1411239262,https://icxkqjf.dldjg.com/apk/xg261.apk,default
xg262.html,B,xg262,https://itunes.apple.com/cn/app/id1411239262,https://icxkqjf.dldjg.com/apk/xg262.apk,default
xg263.html,B,xg263,https://itunes.apple.com/cn/app/id1411239262,https://icxkqjf.dldjg.com/apk/xg263.apk,default
xg264.html,B,xg264,https://itunes.apple.com/cn/app/id1411239262,https://icxkqjf.dldjg.com/apk/xg264.apk,default
xg265.html,B,xg265,https://itunes.apple.com/cn/app/id1411239262,https://icxkqjf.dldjg.com/apk/xg265.apk,default
xg266.html,B,xg266,https://itunes.apple.com/cn/app/id1411239262,https://icxkqjf.dldjg.com/apk/xg266.apk,default
xg267.html,B,xg267,https://itunes.apple.com/cn/app/id1411239262,https://icxkqjf.dldjg.com/apk/xg267.apk,default
xg268.html,B,xg268,https://itunes.apple.com/cn/app/id1411239262,https://icxkqjf.dldjg.com/apk/xg268.apk,default
xg269.html,B,xg269,https://itunes.apple.com/cn/app/id1411239262,https://icxkqjf.dldjg.com/apk/xg269.apk,default
xg270.html,B,xg270,https://itunes.apple.com/cn/app/id1411239262,https://icxkqjf.dldjg.com/apk/xg270.apk,default
xg271.html,B,xg271,https://itunes.apple.com/cn/app/id1411239262,https://icxkqjf.dldjg.com/apk/xg271.apk,default
xg272.html,B,xg272,https://itunes.apple.com/cn/app/id1411239262,https://icxkqjf.dldjg.com/apk/xg272.apk,default
xg273.html,B,xg273,https://itunes.apple.com/cn/app/id1411239262,https://icxkqjf.dldjg.com/apk/xg273.apk,default
xg274.html,B,xg274,https://itunes.apple.com/cn/app/id1411239262,https://icxkqjf.dldjg.com/apk/xg274.apk,default
xg275.html,B,xg275,https://itunes.apple.com/cn/app/id1411239262,https://icxkqjf.dldjg.com/apk/xg275.apk,default
xg276.html,B,xg276,https://itunes.apple.com/cn/app/id1411239262,https://icxkqjf.dldjg.com/apk/xg276.apk,default
xg277.html,B,xg277,https://itunes.apple.com/cn/app/id1411239262,https://icxkqjf.dldjg.com/apk/xg277.apk,default
xg278.html,B,xg278,https://itunes.apple.com/cn/app/id1411239262,https://icxkqjf.dldjg.com/apk/xg278.apk,default
xg279.html,B,xg279,https://itunes.apple.com/cn/app/id1411239262,https://icxkqjf.dldjg.com/apk/xg279.apk,default
xg280.html,B,xg280,https://itunes.apple.com/cn/app/id1411239262,https://icxkqjf.dldjg.com/apk/xg280.apk,default
xg281.html,B,xg281,https://itunes.apple.com/cn/app/id1411239262,https://icxkqjf.dldjg.com/apk/xg281.apk,default
xg282.html,B,xg282,https://itunes.apple.com/cn/app/id1411239262,https://icxkqjf.dldjg.com/apk/xg282.apk,default
xg283.html,B,xg283,https://itunes.apple.com/cn/app/id1411239262,https://icxkqjf.dldjg.com/apk/xg283.apk,default
xg284.html,B,xg284,https://itunes.apple.com/cn/app/id1411239262,https://icxkqjf.dldjg.com/apk/xg284.apk,default
xg285.html,B,xg285,https://itunes.apple.com/cn/app/id1411239262,https://icxkqjf.dldjg.com/apk/xg285.apk,default
xg286.html,B,xg286,https://itunes.apple.com/cn/app/id1411239262,https://icxkqjf.dldjg.com/apk/xg286.apk,default
xg287.html,B,xg287,https://itunes.apple.com/cn/app/id1411239262,https://icxkqjf.dldjg.com/apk/xg287.apk,default
xg288.html,B,xg288,https://itunes.apple.com/cn/app/id1411239262,https://icxkqjf.dldjg.com/apk/xg288.apk,default
xg289.html,B,xg289,https://itunes.apple.com/cn/app/id1411239262,https://icxkqjf.dldjg.com/apk/xg289.apk,default
xg290.html,B,xg290,https://itunes.apple.com/cn/app/id1411239262,https://icxkqjf.dldjg.com/apk/xg290.apk,default
xg291.html,B,xg291,https://itunes.apple.com/cn/app/id1411239262,https://icxkqjf.dldjg.com/apk/xg291.apk,default
xg292.html,B,xg292,https://itunes.apple.com/cn/app/id1411239262,https://icxkqjf.dldjg.com/apk/xg292.apk,default
xg293.html,B,xg293,https://itunes.apple.com/cn/app/id1411239262,https://icxkqjf.dldjg.com/apk/xg293.apk,default
xg294.html,B,xg294,https://itunes.apple.com/cn/app/id1411239262,https://icxkqjf.dldjg.com/apk/xg294.apk,default
xg295.html,B,xg295,https://itunes.apple.com/cn/app/id1411239262,https://icxkqjf.dldjg.com/apk/xg295.apk,default
xg296.html,B,xg296,https://itunes.apple.com/cn/app/id1411239262,https://icxkqjf.dldjg.com/apk/xg296.apk,default
xg297.html,B,xg297,https://itunes.apple.com/cn/app/id1411239262,https://icxkqjf.dldjg.com/apk/xg297.apk,default
xg298.html,B,xg298,https://itunes.apple.com/cn/app/id1411239262,https://icxkqjf.dldjg.com/apk/xg298.apk,default
xg299.html,B,xg299,https://itunes.apple.com/cn/app/id1411239262,https://icxkqjf.dldjg.com/apk/xg299.apk,default
xg300.html,B,xg300,https://itunes.apple.com/cn/app/id1411239262,https://icxkqjf.dldjg.com/apk/xg300.apk,default
xg301.html,B,xg301,https://itunes.apple.com/cn/app/id1411239262,https://icxkqjf.dldjg.com/apk/xg301.apk,default
xg302.html,B,xg302,https://itunes.apple.com/cn/app/id1411239262,https://icxkqjf.dldjg.com/apk/xg302.apk,default
xg303.html,B,xg303,https://itunes.apple.com/cn/app/id1411239262,https://icxkqjf.dldjg.com/apk/xg303.apk,default
xg304.html,B,xg304,https://itunes.apple.com/cn/app/id1411239262,https://icxkqjf.dldjg.com/apk/xg304.apk,default
xg305.html,B,xg305,https://itunes.apple.com/cn/app/id1411239262,https://icxkqjf.dldjg.com/apk/xg305.apk,default
xg306.html,B,xg306,https://itunes.apple.com/cn/app/id1411239262,https://icxkqjf.dldjg.com/apk/xg306.apk,default
xg307.html,B,xg307,https://itunes.apple.com/cn/app/id1411239262,https://icxkqjf.dldjg.com/apk/xg307.apk,default
xg308.html,B,xg308,https://itunes.apple.com/cn/app/id1411239262,https://icxkqjf.dldjg.com/apk/xg308.apk,default
xg309.html,B,xg309,https://itunes.apple.com/cn/app/id1411239262,https://icxkqjf.dldjg.com/apk/xg309.apk,default
xg310.html,B,xg310,https://itunes.apple.com/cn/app/id1411239262,https://icxkqjf.dldjg.com/apk/xg310.apk,default
xg311.html,B,xg311,https://itunes.apple.com/cn/app/id1411239262,https://icxkqjf.dldjg.com/apk/xg311.apk,default
xg312.html,B,xg312,https://itunes.apple.com/cn/app/id1411239262,https://icxkqjf.dldjg.com/apk/xg312.apk,default
xg313.html,B,xg313,https://itunes.apple.com/cn/app/id1411239262,https://icxkqjf.dldjg.com/apk/xg313.apk,default
xg314.html,B,xg314,https://itunes.apple.com/cn/app/id1411239262,https://icxkqjf.dldjg.com/apk/xg314.apk,default
xg315.html,B,xg315,https://itunes.apple.com/cn/app/id1411239262,https://icxkqjf.dldjg.com/apk/xg315.apk,default
xg316.html,B,xg316,https://itunes.apple.com/cn/app/id1411239262,https://icxkqjf.dldjg.com/apk/xg316.apk,default
xg317.html,B,xg317,https://itunes.apple.com/cn/app/id1411239262,https://icxkqjf.dldjg.com/apk/xg317.apk,default
xg318.html,B,xg318,https://itunes.apple.com/cn/app/id1411239262,https://icxkqjf.dldjg.com/apk/xg318.apk,default
xg319.html,B,xg319,https://itunes.apple.com/cn/app/id1411239262,https://icxkqjf.dldjg.com/apk/xg319.apk,default
xg320.html,B,xg320,https://itunes.apple.com/cn/app/id1411239262,https://icxkqjf.dldjg.com/apk/xg320.apk,default
xg321.html,B,xg321,https://itunes.apple.com/cn/app/id1411239262,https://icxkqjf.dldjg.com/apk/xg321.apk,default
xg322.html,B,xg322,https://itunes.apple.com/cn/app/id1411239262,https://icxkqjf.dldjg.com/apk/xg322.apk,default
xg323.html,B,xg323,https://itunes.apple.com/cn/app/id1411239262,https://icxkqjf.dldjg.com/apk/xg323.apk,default
xg324.html,B,xg324,https://itunes.apple.com/cn/app/id1411239262,https://icxkqjf.dldjg.com/apk/xg324.apk,default
xg325.html,B,xg325,https://itunes.apple.com/cn/app/id1411239262,https://icxkqjf.dldjg.com/apk/xg325.apk,default
xg326.html,B,xg326,https://itunes.apple.com/cn/app/id1411239262,https://icxkqjf.dldjg.com/apk/xg326.apk,default
xg327.html,B,xg327,https://itunes.apple.com/cn/app/id1411239262,https://icxkqjf.dldjg.com/apk/xg327.apk,default
xg328.html,B,xg328,https://itunes.apple.com/cn/app/id1411239262,https://icxkqjf.dldjg.com/apk/xg328.apk,default
xg329.html,B,xg329,https://itunes.apple.com/cn/app/id1411239262,https://icxkqjf.dldjg.com/apk/xg329.apk,default
xg330.html,B,xg330,https://itunes.apple.com/cn/app/id1411239262,https://icxkqjf.dldjg.com/apk/xg330.apk,default
xg331.html,B,xg331,https://itunes.apple.com/cn/app/id1411239262,https://icxkqjf.dldjg.com/apk/xg331.apk,default
xg332.html,B,xg332,https://itunes.apple.com/cn/app/id1411239262,https://icxkqjf.dldjg.com/apk/xg332.apk,default
xg333.html,B,xg333,https://itunes.apple.com/cn/app/id1411239262,https://icxkqjf.dldjg.com/apk/xg333.apk,default
xg334.html,B,xg334,https://itunes.apple.com/cn/app/id1411239262,https://icxkqjf.dldjg.com/apk/xg334.apk,default
xg335.html,B,xg335,https://itunes.apple.com/cn/app/id1411239262,https://icxkqjf.dldjg.com/apk/xg335.apk,default
xg336.html,B,xg336,https://itunes.apple.com/cn/app/id1411239262,https://icxkqjf.dldjg.com/apk/xg336.apk,default
xg337.html,B,xg337,https://itunes.apple.com/cn/app/id1411239262,https://icxkqjf.dldjg.com/apk/xg337.apk,default
xg338.html,B,xg338,https://itunes.apple.com/cn/app/id1411239262,https://icxkqjf.dldjg.com/apk/xg338.apk,default
xg339.html,B,xg339,https://itunes.apple.com/cn/app/id1411239262,https://icxkqjf.dldjg.com/apk/xg339.apk,default
xg340.html,B,xg340,https://itunes.apple.com/cn/app/id1411239262,https://icxkqjf.dldjg.com/apk/xg340.apk,default
xg341.html,B,xg341,https://itunes.apple.com/cn/app/id1411239262,https://icxkqjf.dldjg.com/apk/xg341.apk,default
xg342.html,B,xg342,https://itunes.apple.com/cn/app/id1411239262,https://icxkqjf.dldjg.com/apk/xg342.apk,default
xg343.html,B,xg343,https://itunes.apple.com/cn/app/id1411239262,https://icxkqjf.dldjg.com/apk/xg343.apk,default
xg344.html,B,xg344,https://itunes.apple.com/cn/app/id1411239262,https://icxkqjf.dldjg.com/apk/xg344.apk,default
xg345.html,B,xg345,https://itunes.apple.com/cn/app/id1411239262,https://icxkqjf.dldjg.com/apk/xg345.apk,default
xg346.html,B,xg346,https://itunes.apple.com/cn/app/id1411239262,https://icxkqjf.dldjg.com/apk/xg346.apk,default
xg347.html,B,xg347,https://itunes.apple.com/cn/app/id1411239262,https://icxkqjf.dldjg.com/apk/xg347.apk,default
xg348.html,B,xg348,https://itunes.apple.com/cn/app/id1411239262,https://icxkqjf.dldjg.com/apk/xg348.apk,default
xg349.html,B,xg349,https://itunes.apple.com/cn/app/id1411239262,https://icxkqjf.dldjg.com/apk/xg349.apk,default
xg350.html,B,xg350,https://itunes.apple.com/cn/app/id1411239262,https://icxkqjf.dldjg.com/apk/xg350.apk,default
xg351.html,B,xg351,https://itunes.apple.com/cn/app/id1411239262,https://icxkqjf.dldjg.com/apk/xg351.apk,default
xg352.html,B,xg352,https://itunes.apple.com/cn/app/id1411239262,https://icxkqjf.dldjg.com/apk/xg352.apk,default
xg353.html,B,xg353,https://itunes.apple.com/cn/app/id1411239262,https://icxkqjf.dldjg.com/apk/xg353.apk,default
xg354.html,B,xg354,https://itunes.apple.com/cn/app/id1411239262,https://icxkqjf.dldjg.com/apk/xg354.apk,default
xg355.html,B,xg355,https://itunes.apple.com/cn/app/id1411239262,https://icxkqjf.dldjg.com/apk/xg355.apk,default
xg356.html,B,xg356,https://itunes.apple.com/cn/app/id1411239262,https://icxkqjf.dldjg.com/apk/xg356.apk,default
xg357.html,B,xg357,https://itunes.apple.com/cn/app/id1411239262,https://icxkqjf.dldjg.com/apk/xg357.apk,default
xg358.html,B,xg358,https://itunes.apple.com/cn/app/id1411239262,https://icxkqjf.dldjg.com/apk/xg358.apk,default
xg359.html,B,xg359,https://itunes.apple.com/cn/app/id1411239262,https://icxkqjf.dldjg.com/apk/xg359.apk,default
xg360.html,B,xg360,https://itunes.apple.com/cn/app/id1411239262,https://icxkqjf.dldjg.com/apk/xg360.apk,default
xg361.html,B,xg361,https://itunes.apple.com/cn/app/id1411239262,https://icxkqjf.dldjg.com/apk/xg361.apk,default
xg362.html,B,xg362,https://itunes.apple.com/cn/app/id1411239262,https://icxkqjf.dldjg.com/apk/xg362.apk,default
xg363.html,B,xg363,https://itunes.apple.com/cn/app/id1411239262,https://icxkqjf.dldjg.com/apk/xg363.apk,default
xg364.html,B,xg364,https://itunes.apple.com/cn/app/id1411239262,https://icxkqjf.dldjg.com/apk/xg364.apk,default
v001.html,B,v001,https://itunes.apple.com/cn/app/id1411239262,https://icxkqjf.dldjg.com/apk/v001.apk,default
v002.html,B,v002,https://itunes.apple.com/cn/app/id1411239262,https://icxkqjf.dldjg.com/apk/v002.apk,default
v003.html,B,v003,https://itunes.apple.com/cn/app/id1411239262,https://icxkqjf.dldjg.com/apk/v003.apk,default
v004.html,B,v004,https://itunes.apple.com/cn/app/id1411239262,https://icxkqjf.dldjg.com/apk/v004.apk,default
v005.html,B,v005,https://itunes.apple.com/cn/app/id1411239262,https://icxkqjf.dldjg.com/apk/v005.apk,default
v006.html,B,v006,https://itunes.apple.com/cn/app/id1411239262,https://icxkqjf.dldjg.com/apk/v006.apk,default
v007.html,B,v007,https://itunes.apple.com/cn/app/id1411239262,https://icxkqjf.dldjg.com/apk/v007.apk,default
v008.html,B,v008,https://itunes.apple.com/cn/app/id1411239262,https://icxkqjf.dldjg.com/apk/v008.apk,default
v009.html,B,v009,https://itunes.apple.com/cn/app/id1411239262,https://icxkqjf.dldjg.com/apk/v009.apk,default
v010.html,B,v010,https://itunes.apple.com/cn/app/id1411239262,https://icxkqjf.dldjg.com/apk/v010.apk,default
v011.html,B,v011,https://itunes.apple.com/cn/app/id1411239262,https://icxkqjf.dldjg.com/apk/v011.apk,default
v012.html,B,v012,https://itunes.apple.com/cn/app/id1411239262,https://icxkqjf.dldjg.com/apk/v012.apk,default
v013.html,B,v013,https://itunes.apple.com/cn/app/id1411239262,https://icxkqjf.dldjg.com/apk/v013.apk,default
v014.html,B,v014,https://itunes.apple.com/cn/app/id1411239262,https://icxkqjf.dldjg.com/apk/v014.apk,default
v015.html,B,v015,https://itunes.apple.com/cn/app/id1411239262,https://icxkqjf.dldjg.com/apk/v015.apk,default
v016.html,B,v016,https://itunes.apple.com/cn/app/id1411239262,https://icxkqjf.dldjg.com/apk/v016.apk,default
v017.html,B,v017,https://itunes.apple.com/cn/app/id1411239262,https://icxkqjf.dldjg.com/apk/v017.apk,default
v018.html,B,v018,https://itunes.apple.com/cn/app/id1411239262,https://icxkqjf.dldjg.com/apk/v018.apk,default
v019.html,B,v019,https://itunes.apple.com/cn/app/id1411239262,https://icxkqjf.dldjg.com/apk/v019.apk,default
v020.html,B,v020,https://itunes.apple.com/cn/app/id1411239262,https://icxkqjf.dldjg.com/apk/v020.apk,default
v021.html,B,v021,https://itunes.apple.com/cn/app/id1411239262,https://icxkqjf.dldjg.com/apk/v021.apk,default
v022.html,B,v022,https://itunes.apple.com/cn/app/id1411239262,https://icxkqjf.dldjg.com/apk/v022.apk,default
v023.html,B,v023,https://itunes.apple.com/cn/app/id1411239262,https://icxkqjf.dldjg.com/apk/v023.apk,default
v024.html,B,v024,https://itunes.apple.com/cn/app/id1411239262,https://icxkqjf.dldjg.com/apk/v024.apk,default
v025.html,B,v025,https://itunes.apple.com/cn/app/id1411239262,https://icxkqjf.dldjg.com/apk/v025.apk,default
v026.html,B,v026,https://itunes.apple.com/cn/app/id1411239262,https://icxkqjf.dldjg.com/apk/v026.apk,default
v027.html,B,v027,https://itunes.apple.com/cn/app/id1411239262,https://icxkqjf.dldjg.com/apk/v027.apk,default
v028.html,B,v028,https://itunes.apple.com/cn/app/id1411239262,https://icxkqjf.dldjg.com/apk/v028.apk,default
v029.html,B,v029,https://itunes.apple.com/cn/app/id1411239262,https://icxkqjf.dldjg.com/apk/v029.apk,default
v030.html,B,v030,https://itunes.apple.com/cn/app/id1411239262,https://icxkqjf.dldjg.com/apk/v030.apk,default
v031.html,B,v031,https://itunes.apple.com/cn/app/id1411239262,https://icxkqjf.dldjg.com/apk/v031.apk,default
v032.html,B,v032,https://itunes.apple.com/cn/app/id1411239262,https://icxkqjf.dldjg.com/apk/v032.apk,default
v033.html,B,v033,https://itunes.apple.com/cn/app/id1411239262,https://icxkqjf.dldjg.com/apk/v033.apk,default
v034.html,B,v034,https://itunes.apple.com/cn/app/id1411239262,https://icxkqjf.dldjg.com/apk/v034.apk,default
v035.html,B,v035,https://itunes.apple.com/cn/app/id1411239262,https://icxkqjf.dldjg.com/apk/v035.apk,default
v036.html,B,v036,https://itunes.apple.com/cn/app/id1411239262,https://icxkqjf.dldjg.com/apk/v036.apk,default
v037.html,B,v037,https://itunes.apple.com/cn/app/id1411239262,https://icxkqjf.dldjg.com/apk/v037.apk,default
v038.html,B,v038,https://itunes.apple.com/cn/app/id1411239262,https://icxkqjf.dldjg.com/apk/v038.apk,default
v039.html,B,v039,https://itunes.apple.com/cn/app/id1411239262,https://icxkqjf.dldjg.com/apk/v039.apk,default
v040.html,B,v040,https://itunes.apple.com/cn/app/id1411239262,https://icxkqjf.dldjg.com/apk/v040.apk,default
v041.html,B,v041,https://itunes.apple.com/cn/app/id1411239262,https://icxkqjf.dldjg.com/apk/v041.apk,default
v042.html,B,v042,https://itunes.apple.com/cn/app/id1411239262,https://icxkqjf.dldjg.com/apk/v042.apk,default
v043.html,B,v043,https://itunes.apple.com/cn/app/id1411239262,https://icxkqjf.dldjg.com/apk/v043.apk,default
v044.html,B,v044,https://itunes.apple.com/cn/app/id1411239262,https://icxkqjf.dldjg.com/apk/v044.apk,default
v045.html,B,v045,https://itunes.apple.com/cn/app/id1411239262,https://icxkqjf.dldjg.com/apk/v045.apk,default
v046.html,B,v046,https://itunes.apple.com/cn/app/id1411239262,https://icxkqjf.dldjg.com/apk/v046.apk,default
v047.html,B,v047,https://itunes.apple.com/cn/app/id1411239262,https://icxkqjf.dldjg.com/apk/v047.apk,default
v048.html,B,v048,https://itunes.apple.com/cn/app/id1411239262,https://icxkqjf.dldjg.com/apk/v048.apk,default
v049.html,B,v049,https://itunes.apple.com/cn/app/id1411239262,https://icxkqjf.dldjg.com/apk/v049.apk,default
v050.html,B,v050,https://itunes.apple.com/cn/app/id1411239262,https://icxkqjf.dldjg.com/apk/v050.apk,default
v051.html,B,v051,https://itunes.apple.com/cn/app/id1411239262,https://icxkqjf.dldjg.com/apk/v051.apk,default
v052.html,B,v052,https://itunes.apple.com/cn/app/id1411239262,https://icxkqjf.dldjg.com/apk/v052.apk,default
v053.html,B,v053,https://itunes.apple.com/cn/app/id1411239262,https://icxkqjf.dldjg.com/apk/v053.apk,default
v054.html,B,v054,https://itunes.apple.com/cn/app/id1411239262,https://icxkqjf.dldjg.com/apk/v054.apk,default
v055.html,B,v055,https://itunes.apple.com/cn/app/id1411239262,https://icxkqjf.dldjg.com/apk/v055.apk,default
xha01.html,B,xha01,https://itunes.apple.com/cn/app/id1404227920,https://icxkqjf.dldjg.com/apk/xha01.apk,default
xha02.html,B,xha02,https://itunes.apple.com/cn/app/id1404227920,https://icxkqjf.dldjg.com/apk/xha02.apk,default
xha03.html,B,xha03,https://itunes.apple.com/cn/app/id1404227920,https://icxkqjf.dldjg.com/apk/xha03.apk,default
xha04.html,B,xha04,https://itunes.apple.com/cn/app/id1404227920,https://icxkqjf.dldjg.com/apk/xha04.apk,default
xha05.html,B,xha05,https://itunes.apple.com/cn/app/id1404227920,https://icxkqjf.dldjg.com/apk/xha05.apk,default
xha06.html,B,xha06,https://itunes.apple.com/cn/app/id1404227920,https://icxkqjf.dldjg.com/apk/xha06.apk,default
xha07.html,B,xha07,https://itunes.apple.com/cn/app/id1404227920,https://icxkqjf.dldjg.com/apk/xha07.apk,default
xha08.html,B,xha08,https://itunes.apple.com/cn/app/id1404227920,https://icxkqjf.dldjg.com/apk/xha08.apk,default
xha09.html,B,xha09,https://itunes.apple.com/cn/app/id1404227920,https://icxkqjf.dldjg.com/apk/xha09.apk,default
xha10.html,B,xha10,https://itunes.apple.com/cn/app/id1404227920,https://icxkqjf.dldjg.com/apk/xha10.apk,default
xha11.html,B,xha11,https://itunes.apple.com/cn/app/id1404227920,https://icxkqjf.dldjg.com/apk/xha11.apk,default
xha12.html,B,xha12,https://itunes.apple.com/cn/app/id1404227920,https://icxkqjf.dldjg.com/apk/xha12.apk,default
xha13.html,B,xha13,https://itunes.apple.com/cn/app/id1404227920,https://icxkqjf.dldjg.com/apk/xha13.apk,default
xha14.html,B,xha14,https://itunes.apple.com/cn/app/id1404227920,https://icxkqjf.dldjg.com/apk/xha14.apk,default
xha15.html,B,xha15,https://itunes.apple.com/cn/app/id1404227920,https://icxkqjf.dldjg.com/apk/xha15.apk,default
xha16.html,B,xha16,https://itunes.apple.com/cn/app/id1404227920,https://icxkqjf.dldjg.com/apk/xha16.apk,default
xha17.html,B,xha17,https://itunes.apple.com/cn/app/id1404227920,https://icxkqjf.dldjg.com/apk/xha17.apk,default
xha18.html,B,xha18,https://itunes.apple.com/cn/app/id1404227920,https://icxkqjf.dldjg.com/apk/xha18.apk,default
xha19.html,B,xha19,https://itunes.apple.com/cn/app/id1404227920,https://icxkqjf.dldjg.com/apk/xha19.apk,default
xha20.html,B,xha20,https://itunes.apple.com/cn/app/id1404227920,https://icxkqjf.dldjg.com/apk/xha20.apk,default
xha21.html,B,xha21,https://itunes.apple.com/cn/app/id1404227920,https://icxkqjf.dldjg.com/apk/xha21.apk,default
xha22.html,B,xha22,https://itunes.apple.com/cn/app/id1404227920,https://icxkqjf.dldjg.com/apk/xha22.apk,default
xha23.html,B,xha23,https://itunes.apple.com/cn/app/id1404227920,https://icxkqjf.dldjg.com/apk/xha23.apk,default
xha24.html,B,xha24,https://itunes.apple.com/cn/app/id1404227920,https://icxkqjf.dldjg.com/apk/xha24.apk,default
xha25.html,B,xha25,https://itunes.apple.com/cn/app/id1404227920,https://icxkqjf.dldjg.com/apk/xha25.apk,default
xha26.html,B,xha26,https://itunes.apple.com/cn/app/id1404227920,https://icxkqjf.dldjg.com/apk/xha26.apk,default
xha27.html,B,xha27,https://itunes.apple.com/cn/app/id1404227920,https://icxkqjf.dldjg.com/apk/xha27.apk,default
xha28.html,B,xha28,https://itunes.apple.com/cn/app/id1404227920,https://icxkqjf.dldjg.com/apk/xha28.apk,default
xha29.html,B,xha29,https://itunes.apple.com/cn/app/id1404227920,https://icxkqjf.dldjg.com/apk/xha29.apk,default
xha30.html,B,xha30,https://itunes.apple.com/cn/app/id1404227920,https://icxkqjf.dldjg.com/apk/xha30.apk,default
xha31.html,B,xha31,https://itunes.apple.com/cn/app/id1404227920,https://icxkqjf.dldjg.com/apk/xha31.apk,default
xha32.html,B,xha32,https://itunes.apple.com/cn/app/id1404227920,https://icxkqjf.dldjg.com/apk/xha32.apk,default
xha33.html,B,xha33,https://itunes.apple.com/cn/app/id1404227920,https://icxkqjf.dldjg.com/apk/xha33.apk,default
xha34.html,B,xha34,https://itunes.apple.com/cn/app/id1404227920,https://icxkqjf.dldjg.com/apk/xha34.apk,default
xha35.html,B,xha35,https://itunes.apple.com/cn/app/id1404227920,https://icxkqjf.dldjg.com/apk/xha35.apk,default
xha36.html,B,xha36,https://itunes.apple.com/cn/app/id1404227920,https://icxkqjf.dldjg.com/apk/xha36.apk,default
xha37.html,B,xha37,https://itunes.apple.com/cn/app/id1404227920,https://icxkqjf.dldjg.com/apk/xha37.apk,default
xha38.html,B,xha38,https://itunes.apple.com/cn/app/id1404227920,https://icxkqjf.dldjg.com/apk/xha38.apk,default
xha39.html,B,xha39,https://itunes.apple.com/cn/app/id1404227920,https://icxkqjf.dldjg.com/apk/xha39.apk,default
xha40.html,B,xha40,https://itunes.apple.com/cn/app/id1404227920,https://icxkqjf.dldjg.com/apk/xha40.apk,default
xha41.html,B,xha41,https://itunes.apple.com/cn/app/id1404227920,https://icxkqjf.dldjg.com/apk/xha41.apk,default
xha42.html,B,xha42,https://itunes.apple.com/cn/app/id1404227920,https://icxkqjf.dldjg.com/apk/xha42.apk,default
xha43.html,B,xha43,https://itunes.apple.com/cn/app/id1404227920,https://icxkqjf.dldjg.com/apk/xha43.apk,default
xha44.html,B,xha44,https://itunes.apple.com/cn/app/id1404227920,https://icxkqjf.dldjg.com/apk/xha44.apk,default
xha45.html,B,xha45,https://itunes.apple.com/cn/app/id1404227920,https://icxkqjf.dldjg.com/apk/xha45.apk,default
xha46.html,B,xha46,https://itunes.apple.com/cn/app/id1404227920,https://icxkqjf.dldjg.com/apk/xha46.apk,default
xha47.html,B,xha47,https://itunes.apple.com/cn/app/id1404227920,https://icxkqjf.dldjg.com/apk/xha47.apk,default
xha48.html,B,xha48,https://itunes.apple.com/cn/app/id1404227920,https://icxkqjf.dldjg.com/apk/xha48.apk,default
xha49.html,B,xha49,https://itunes.apple.com/cn/app/id1404227920,https://icxkqjf.dldjg.com/apk/xha49.apk,default
xha50.html,B,xha50,https://itunes.apple.com/cn/app/id1404227920,https://icxkqjf.dldjg.com/apk/xha50.apk,default
xha51.html,B,xha51,https://itunes.apple.com/cn/app/id1404227920,https://icxkqjf.dldjg.com/apk/xha51.apk,default
xha52.html,B,xha52,https://itunes.apple.com/cn/app/id1404227920,https://icxkqjf.dldjg.com/apk/xha52.apk,default
xha53.html,B,xha53,https://itunes.apple.com/cn/app/id1404227920,https://icxkqjf.dldjg.com/apk/xha53.apk,default
xha54.html,B,xha54,https://itunes.apple.com/cn/app/id1404227920,https://icxkqjf.dldjg.com/apk/xha54.apk,default
xha55.html,B,xha55,https://itunes.apple.com/cn/app/id1404227920,https://icxkqjf.dldjg.com/apk/xha55.apk,default
xha56.html,B,xha56,https://itunes.apple.com/cn/app/id1404227920,https://icxkqjf.dldjg.com/apk/xha56.apk,default
xha57.html,B,xha57,https://itunes.apple.com/cn/app/id1404227920,https://icxkqjf.dldjg.com/apk/xha57.apk,default
xha58.html,B,xha58,https://itunes.apple.com/cn/app/id1404227920,https://icxkqjf.dldjg.com/apk/xha58.apk,default
xhb01.html,B,xhb01,https://itunes.apple.com/cn/app/id1404227920,https://icxkqjf.dldjg.com/apk/xhb01.apk,default
xhb02.html,B,xhb02,https://itunes.apple.com/cn/app/id1404227920,https://icxkqjf.dldjg.com/apk/xhb02.apk,default
xhb03.html,B,xhb03,https://itunes.apple.com/cn/app/id1404227920,https://icxkqjf.dldjg.com/apk/xhb03.apk,default
xhb04.html,B,xhb04,https://itunes.apple.com/cn/app/id1404227920,https://icxkqjf.dldjg.com/apk/xhb04.apk,default
xhb05.html,B,xhb05,https://itunes.apple.com/cn/app/id1404227920,https://icxkqjf.dldjg.com/apk/xhb05.apk,default
xhb06.html,B,xhb06,https://itunes.apple.com/cn/app/id1404227920,https://icxkqjf.dldjg.com/apk/xhb06.apk,default
xhb07.html,B,xhb07,https://itunes.apple.com/cn/app/id1404227920,https://icxkqjf.dldjg.com/apk/xhb07.apk,default
xhb08.html,B,xhb08,https://itunes.apple.com/cn/app/id1404227920,https://icxkqjf.dldjg.com/apk/xhb08.apk,default
xhb09.html,B,xhb09,https://itunes.apple.com/cn/app/id1404227920,https://icxkqjf.dldjg.com/apk/xhb09.apk,default
xhb10.html,B,xhb10,https://itunes.apple.com/cn/app/id1404227920,https://icxkqjf.dldjg.com/apk/xhb10.apk,default
xhb11.html,B,xhb11,https://itunes.apple.com/cn/app/id1404227920,https://icxkqjf.dldjg.com/apk/xhb11.apk,default
xhb12.html,B,xhb12,https://itunes.apple.com/cn/app/id1404227920,https://icxkqjf.dldjg.com/apk/xhb12.apk,default
xhb13.html,B,xhb13,https://itunes.apple.com/cn/app/id1404227920,https://icxkqjf.dldjg.com/apk/xhb13.apk,default
xhb14.html,B,xhb14,https://itunes.apple.com/cn/app/id1404227920,https://icxkqjf.dldjg.com/apk/xhb14.apk,default
xhb15.html,B,xhb15,https://itunes.apple.com/cn/app/id1404227920,https://icxkqjf.dldjg.com/apk/xhb15.apk,default
xhb16.html,B,xhb16,https://itunes.apple.com/cn/app/id1404227920,https://icxkqjf.dldjg.com/apk/xhb16.apk,default
xhb17.html,B,xhb17,https://itunes.apple.com/cn/app/id1404227920,https://icxkqjf.dldjg.com/apk/xhb17.apk,default
xhb18.html,B,xhb18,https://itunes.apple.com/cn/app/id1404227920,https://icxkqjf.dldjg.com/apk/xhb18.apk,default
xhb19.html,B,xhb19,https://itunes.apple.com/cn/app/id1404227920,https://icxkqjf.dldjg.com/apk/xhb19.apk,default
xhb20.html,B,xhb20,https://itunes.apple.com/cn/app/id1404227920,https://icxkqjf.dldjg.com/apk/xhb20.apk,default
xhb21.html,B,xhb21,https://itunes.apple.com/cn/app/id1404227920,https://icxkqjf.dldjg.com/apk/xhb21.apk,default
xhb22.html,B,xhb22,https://itunes.apple.com/cn/app/id1404227920,https://icxkqjf.dldjg.com/apk/xhb22.apk,default
xhb23.html,B,xhb23,https://itunes.apple.com/cn/app/id1404227920,https://icxkqjf.dldjg.com/apk/xhb23.apk,default
xhb24.html,B,xhb24,https://itunes.apple.com/cn/app/id1404227920,https://icxkqjf.dldjg.com/apk/xhb24.apk,default
xhb25.html,B,xhb25,https://itunes.apple.com/cn/app/id1404227920,https://icxkqjf.dldjg.com/apk/xhb25.apk,default
xhb26.html,B,xhb26,https://itunes.apple.com/cn/app/id1404227920,https://icxkqjf.dldjg.com/apk/xhb26.apk,default
xhb27.html,B,xhb27,https://itunes.apple.com/cn/app/id1404227920,https://icxkqjf.dldjg.com/apk/xhb27.apk,default
xhb28.html,B,xhb28,https://itunes.apple.com/cn/app/id1404227920,https://icxkqjf.dldjg.com/apk/xhb28.apk,default
xhb29.html,B,xhb29,https://itunes.apple.com/cn/app/id1404227920,https://icxkqjf.dldjg.com/apk/xhb29.apk,default
xhb30.html,B,xhb30,https://itunes.apple.com/cn/app/id1404227920,https://icxkqjf.dldjg.com/apk/xhb30.apk,default
xhb31.html,B,xhb31,https://itunes.apple.com/cn/app/id1404227920,https://icxkqjf.dldjg.com/apk/xhb31.apk,default
xhb32.html,B,xhb32,https://itunes.apple.com/cn/app/id1404227920,https://icxkqjf.dldjg.com/apk/xhb32.apk,default
xhb33.html,B,xhb33,https://itunes.apple.com/cn/app/id1404227920,https://icxkqjf.dldjg.com/apk/xhb33.apk,default
xhb34.html,B,xhb34,https://itunes.apple.com/cn/app/id1404227920,https://icxkqjf.dldjg.com/apk/xhb34.apk,default
xhb35.html,B,xhb35,https://itunes.apple.com/cn/app/id1404227920,https://icxkqjf.dldjg.com/apk/xhb35.apk,default
xhb36.html,B,xhb36,https://itunes.apple.com/cn/app/id1404227920,https://icxkqjf.dldjg.com/apk/xhb36.apk,default
xhb37.html,B,xhb37,https://itunes.apple.com/cn/app/id1404227920,https://icxkqjf.dldjg.com/apk/xhb37.apk,default
xhb38.html,B,xhb38,https://itunes.apple.com/cn/app/id1404227920,https://icxkqjf.dldjg.com/apk/xhb38.apk,default
xhb39.html,B,xhb39,https://itunes.apple.com/cn/app/id1404227920,https://icxkqjf.dldjg.com/apk/xhb39.apk,default
xhb40.html,B,xhb40,https://itunes.apple.com/cn/app/id1404227920,https://icxkqjf.dldjg.com/apk/xhb40.apk,default
xhb41.html,B,xhb41,https://itunes.apple.com/cn/app/id1404227920,https://icxkqjf.dldjg.com/apk/xhb41.apk,default
xhb42.html,B,xhb42,https://itunes.apple.com/cn/app/id1404227920,https://icxkqjf.dldjg.com/apk/xhb42.apk,default
xhb43.html,B,xhb43,https://itunes.apple.com/cn/app/id1404227920,https://icxkqjf.dldjg.com/apk/xhb43.apk,default
xhb44.html,B,xhb44,https://itunes.apple.com/cn/app/id1404227920,https://icxkqjf.dldjg.com/apk/xhb44.apk,default
xhb45.html,B,xhb45,https://itunes.apple.com/cn/app/id1404227920,https://icxkqjf.dldjg.com/apk/xhb45.apk,default
xhb46.html,B,xhb46,https://itunes.apple.com/cn/app/id1404227920,https://icxkqjf.dldjg.com/apk/xhb46.apk,default
xhb47.html,B,xhb47,https://itunes.apple.com/cn/app/id1404227920,https://icxkqjf.dldjg.com/apk/xhb47.apk,default
xhb48.html,B,xhb48,https://itunes.apple.com/cn/app/id1404227920,https://icxkqjf.dldjg.com/apk/xhb48.apk,default
xhb49.html,B,xhb49,https://itunes.apple.com/cn/app/id1404227920,https://icxkqjf.dldjg.com/apk/xhb49.apk,default
xhb50.html,B,xhb50,https://itunes.apple.com/cn/app/id1404227920,https://icxkqjf.dldjg.com/apk/xhb50.apk,default
xhb51.html,B,xhb51,https://itunes.apple.com/cn/app/id1404227920,https://icxkqjf.dldjg.com/apk/xhb51.apk,default
xhb52.html,B,xhb52,https://itunes.apple.com/cn/app/id1404227920,https://icxkqjf.dldjg.com/apk/xhb52.apk,default
xhb53.html,B,xhb53,https://itunes.apple.com/cn/app/id1404227920,https://icxkqjf.dldjg.com/apk/xhb53.apk,default
xhb54.html,B,xhb54,https://itunes.apple.com/cn/app/id1404227920,https://icxkqjf.dldjg.com/apk/xhb54.apk,default
xhb55.html,B,xhb55,https://itunes.apple.com/cn/app/id1404227920,https://icxkqjf.dldjg.com/apk/xhb55.apk,default
xhb56.html,B,xhb56,https://itunes.apple.com/cn/app/id1404227920,https://icxkqjf.dldjg.com/apk/xhb56.apk,default
xhb57.html,B,xhb57,https://itunes.apple.com/cn/app/id1404227920,https://icxkqjf.dldjg.com/apk/xhb57.apk,default
xhb58.html,B,xhb58,https://itunes.apple.com/cn/app/id1404227920,https://icxkqjf.dldjg.com/apk/xhb58.apk,default
qdppx01.html,B,qdppx01,https://itunes.apple.com/cn/app/id1404227920,https://icxkqjf.dldjg.com/apk/qdppx01.apk,default
m301.html,C,m301,https://itunes.apple.com/cn/app/id1439185462,https://hjpxrsy.haoxidiaoke.com/apk/m301.apk,default
m302.html,C,m302,https://itunes.apple.com/cn/app/id1439185462,https://hjpxrsy.haoxidiaoke.com/apk/m302.apk,default
m303.html,C,m303,https://itunes.apple.com/cn/app/id1439185462,https://hjpxrsy.haoxidiaoke.com/apk/m303.apk,default
m304.html,C,m304,https://itunes.apple.com/cn/app/id1439185462,https://hjpxrsy.haoxidiaoke.com/apk/m304.apk,default
m305.html,C,m305,https://itunes.apple.com/cn/app/id1439185462,https://hjpxrsy.haoxidiaoke.com/apk/m305.apk,default
m306.html,C,m306,https://itunes.apple.com/cn/app/id1439185462,https://hjpxrsy.haoxidiaoke.com/apk/m306.apk,default
m307.html,C,m307,https://itunes.apple.com/cn/app/id1439185462,https://hjpxrsy.haoxidiaoke.com/apk/m307.apk,default
m308.html,C,m308,https://itunes.apple.com/cn/app/id1439185462,https://hjpxrsy.haoxidiaoke.com/apk/m308.apk,default
m309.html,C,m309,https://itunes.apple.com/cn/app/id1439185462,https://hjpxrsy.haoxidiaoke.com/apk/m309.apk,default
m310.html,C,m310,https://itunes.apple.com/cn/app/id1439185462,https://hjpxrsy.haoxidiaoke.com/apk/m310.apk,default
m311.html,C,m311,https://itunes.apple.com/cn/app/id1439185462,https://hjpxrsy.haoxidiaoke.com/apk/m311.apk,default
m312.html,C,m312,https://itunes.apple.com/cn/app/id1439185462,https://hjpxrsy.haoxidiaoke.com/apk/m312.apk,default
m313.html,C,m313,https://itunes.apple.com/cn/app/id1439185462,https://hjpxrsy.haoxidiaoke.com/apk/m313.apk,default
m314.html,C,m314,https://itunes.apple.com/cn/app/id1439185462,https://hjpxrsy.haoxidiaoke.com/apk/m314.apk,default
m315.html,C,m315,https://itunes.apple.com/cn/app/id1439185462,https://hjpxrsy.haoxidiaoke.com/apk/m315.apk,default
m316.html,C,m316,https://itunes.apple.com/cn/app/id1439185462,https://hjpxrsy.haoxidiaoke.com/apk/m316.apk,default
m317.html,C,m317,https://itunes.apple.com/cn/app/id1439185462,https://hjpxrsy.haoxidiaoke.com/apk/m317.apk,default
m318.html,C,m318,https://itunes.apple.com/cn/app/id1439185462,https://hjpxrsy.haoxidiaoke.com/apk/m318.apk,default
m319.html,C,m319,https://itunes.apple.com/cn/app/id1439185462,https://hjpxrsy.haoxidiaoke.com/apk/m319.apk,default
m320.html,C,m320,https://itunes.apple.com/cn/app/id1439185462,https://hjpxrsy.haoxidiaoke.com/apk/m320.apk,default
m321.html,C,m321,https://itunes.apple.com/cn/app/id1439185462,https://hjpxrsy.haoxidiaoke.com/apk/m321.apk,default
m322.html,C,m322,https://itunes.apple.com/cn/app/id1439185462,https://hjpxrsy.haoxidiaoke.com/apk/m322.apk,default
m323.html,C,m323,https://itunes.apple.com/cn/app/id1439185462,https://hjpxrsy.haoxidiaoke.com/apk/m323.apk,default
m324.html,C,m324,https://itunes.apple.com/cn/app/id1439185462,https://hjpxrsy.haoxidiaoke.com/apk/m324.apk,default
m325.html,C,m325,https://itunes.apple.com/cn/app/id1439185462,https://hjpxrsy.haoxidiaoke.com/apk/m325.apk,default
m326.html,C,m326,https://itunes.apple.com/cn/app/id1439185462,https://hjpxrsy.haoxidiaoke.com/apk/m326.apk,default
m327.html,C,m327,https://itunes.apple.com/cn/app/id1439185462,https://hjpxrsy.haoxidiaoke.com/apk/m327.apk,default
m328.html,C,m328,https://itunes.apple.com/cn/app/id1439185462,https://hjpxrsy.haoxidiaoke.com/apk/m328.apk,default
m329.html,C,m329,https://itunes.apple.com/cn/app/id1439185462,https://hjpxrsy.haoxidiaoke.com/apk/m329.apk,default
m330.html,C,m330,https://itunes.apple.com/cn/app/id1439185462,https://hjpxrsy.haoxidiaoke.com/apk/m330.apk,default